content_hash,source_dataset,component,normalized_label,relative_image_path,role,split_seed,assignment_role,annotator_id,annotation_order,human_train_seed
d22ab4418eac167cad647691d1d2d705aafb9d508c492e2e5e0c131dca4f4baa,ComplexDataLab/OpenFake,openfake_additional_900,real,images/real/d22ab4418eac167cad647691d1d2d705aafb9d508c492e2e5e0c131dca4f4baa.jpg,unassigned,42,human_train,giovanni,1,42
fc874880b9a04dc295d47ea313f3342e1376eae30f3cd71998f1d8a80d4fd654,saberzl/SID_Set,sid_set_candidate_1500,fake,images/fake/fc874880b9a04dc295d47ea313f3342e1376eae30f3cd71998f1d8a80d4fd654.png,unassigned,42,human_train,giovanni,2,42
cd43cde1efd10f923261d6d537942db5bef2ebfe88781825df5521c65ab1fd36,ComplexDataLab/OpenFake,openfake_pilot_600,real,images/real/cd43cde1efd10f923261d6d537942db5bef2ebfe88781825df5521c65ab1fd36.jpg,unassigned,42,human_train,giovanni,3,42
eefd730ef0d5449e99f0894ea5e09e5110ff36c0e3d0ab3cf54611680b3b678a,ComplexDataLab/OpenFake,openfake_pilot_600,fake,images/fake/eefd730ef0d5449e99f0894ea5e09e5110ff36c0e3d0ab3cf54611680b3b678a.png,unassigned,42,human_train,giovanni,4,42
cb7d165d032c2eb39be6e57eff30610c0167ba708f20d83924fbd7ae4021b84d,saberzl/SID_Set,sid_set_candidate_1500,fake,images/fake/cb7d165d032c2eb39be6e57eff30610c0167ba708f20d83924fbd7ae4021b84d.png,unassigned,42,human_train,giovanni,5,42
c3aea48d4de71effb22bf88858c543673e50d8cc3e21438f7ef442c62a1315dd,ComplexDataLab/OpenFake,openfake_additional_900,real,images/real/c3aea48d4de71effb22bf88858c543673e50d8cc3e21438f7ef442c62a1315dd.jpg,unassigned,42,human_train,giovanni,6,42
7c44932e5efc93234dce877a94e0bbbb81a53662fa5ffabba5dc5f05fe7cdf51,ComplexDataLab/OpenFake,openfake_additional_900,fake,images/fake/7c44932e5efc93234dce877a94e0bbbb81a53662fa5ffabba5dc5f05fe7cdf51.jpg,unassigned,42,human_train,giovanni,7,42
f6f7e9f71ea5cd3759c4c94c754524b6d3ab2777270c5f3b77c2c826c84a28b5,saberzl/SID_Set,sid_set_candidate_1500,real,images/real/f6f7e9f71ea5cd3759c4c94c754524b6d3ab2777270c5f3b77c2c826c84a28b5.jpg,unassigned,42,human_train,giovanni,8,42
8241bbae3a5ea1bfef7a442ce2bf631b1636664f15461873bf633f6b774a4265,saberzl/SID_Set,sid_set_candidate_1500,real,images/real/8241bbae3a5ea1bfef7a442ce2bf631b1636664f15461873bf633f6b774a4265.jpg,unassigned,42,human_train,giovanni,9,42
27181a257121302906ac0825fc5d0e30cd3dab312953c70192c3ebe202a31e68,ComplexDataLab/OpenFake,openfake_additional_900,fake,images/fake/27181a257121302906ac0825fc5d0e30cd3dab312953c70192c3ebe202a31e68.png,unassigned,42,human_train,giovanni,10,42
f7b346c7ba61116a506793d733d46ea0394f3e048af676e6d4ddc6a328f507c2,saberzl/SID_Set,sid_set_candidate_1500,fake,images/fake/f7b346c7ba61116a506793d733d46ea0394f3e048af676e6d4ddc6a328f507c2.png,unassigned,42,human_train,giovanni,11,42
1649eac954d5a54d6419a76ce460b565d1afe9b052b78663aecadb88a4038f6d,saberzl/SID_Set,sid_set_candidate_1500,real,images/real/1649eac954d5a54d6419a76ce460b565d1afe9b052b78663aecadb88a4038f6d.jpg,unassigned,42,human_train,giovanni,12,42
ead550ad99628a06323f4aa753d2a324526ef63603de4c4ec3cf77a7e3072060,ComplexDataLab/OpenFake,openfake_additional_900,fake,images/fake/ead550ad99628a06323f4aa753d2a324526ef63603de4c4ec3cf77a7e3072060.png,unassigned,42,human_train,giovanni,13,42
c1b3f31da807d1c6bcefffe55f71a0c217667319557d4af9fbea5ed6930ae674,saberzl/SID_Set,sid_set_candidate_1500,real,images/real/c1b3f31da807d1c6bcefffe55f71a0c217667319557d4af9fbea5ed6930ae674.jpg,unassigned,42,human_train,giovanni,14,42
e0654928fe7dcca7e49a7b02bde373aac01491458814fb27078a7af303458653,saberzl/SID_Set,sid_set_candidate_1500,real,images/real/e0654928fe7dcca7e49a7b02bde373aac01491458814fb27078a7af303458653.jpg,unassigned,42,human_train,giovanni,15,42
128bd40a51f84fd5c425d1bc64f40c2db9a763849ab1f880582b850aaa7656eb,ComplexDataLab/OpenFake,openfake_additional_900,fake,images/fake/128bd40a51f84fd5c425d1bc64f40c2db9a763849ab1f880582b850aaa7656eb.png,unassigned,42,human_train,giovanni,16,42
6b641e123f139078d2ebfff7d6c6c94ff77150c8c843e8fe3af09b1cb72df2a4,saberzl/SID_Set,sid_set_candidate_1500,fake,images/fake/6b641e123f139078d2ebfff7d6c6c94ff77150c8c843e8fe3af09b1cb72df2a4.png,unassigned,42,human_train,giovanni,17,42
c3d7812ae36bd3d9f350ac75178914e8298e099972b164c0a8c5f2467761628d,saberzl/SID_Set,sid_set_candidate_1500,real,images/real/c3d7812ae36bd3d9f350ac75178914e8298e099972b164c0a8c5f2467761628d.jpg,unassigned,42,human_train,giovanni,18,42
99c8693a7b70cddc9d39330d4490c3e5ab485e5d37beebba8b07cc076bb6c146,saberzl/SID_Set,sid_set_candidate_1500,fake,images/fake/99c8693a7b70cddc9d39330d4490c3e5ab485e5d37beebba8b07cc076bb6c146.png,unassigned,42,human_train,giovanni,19,42
5788da0599bb07df312fe68fe87df1d48b638aed5e97476059897017410ab13d,saberzl/SID_Set,sid_set_candidate_1500,real,images/real/5788da0599bb07df312fe68fe87df1d48b638aed5e97476059897017410ab13d.jpg,unassigned,42,human_train,giovanni,20,42
37928f17f6e0bd188c8b623cf0796c0e2d43eea4f2b35e50fb5f9c8064225e60,ComplexDataLab/OpenFake,openfake_additional_900,real,images/real/37928f17f6e0bd188c8b623cf0796c0e2d43eea4f2b35e50fb5f9c8064225e60.jpg,unassigned,42,human_train,giovanni,21,42
780f8068aa47fdd74244e4dde6bd40d42d7ba8e88c10a2c6e31eeb1d238cb1fc,ComplexDataLab/OpenFake,openfake_additional_900,real,images/real/780f8068aa47fdd74244e4dde6bd40d42d7ba8e88c10a2c6e31eeb1d238cb1fc.jpg,unassigned,42,human_train,giovanni,22,42
bd50762a871e010c4068126528581e297e8d68005da957f1c228bbf87d5875dc,ComplexDataLab/OpenFake,openfake_pilot_600,real,images/real/bd50762a871e010c4068126528581e297e8d68005da957f1c228bbf87d5875dc.jpg,unassigned,42,human_train,giovanni,23,42
05821ee51ef95d0a7de9d81a147b95ad2f0bb57f7608320a6e34e3565e13157e,ComplexDataLab/OpenFake,openfake_pilot_600,fake,images/fake/05821ee51ef95d0a7de9d81a147b95ad2f0bb57f7608320a6e34e3565e13157e.png,unassigned,42,human_train,giovanni,24,42
fded0a0f7f44852b3d2da5e8c934ed357a5311ec6e10ebebe570cf1a71733399,ComplexDataLab/OpenFake,openfake_pilot_600,fake,images/fake/fded0a0f7f44852b3d2da5e8c934ed357a5311ec6e10ebebe570cf1a71733399.jpg,unassigned,42,human_train,giovanni,25,42
1f71f5110b4e5aa7e41750c81827dfff8d9e20977411b72089994f23ef606a05,ComplexDataLab/OpenFake,openfake_additional_900,real,images/real/1f71f5110b4e5aa7e41750c81827dfff8d9e20977411b72089994f23ef606a05.jpg,unassigned,42,human_train,giovanni,26,42
4005f8aa218782510b69fd27cf4480e1cf250b943a69487a5206c86669e45067,ComplexDataLab/OpenFake,openfake_additional_900,real,images/real/4005f8aa218782510b69fd27cf4480e1cf250b943a69487a5206c86669e45067.jpg,unassigned,42,human_train,giovanni,27,42
3016cfebab5dc44162cff763c92c92bec977880b0740f30fe3cecc63cfaa4343,ComplexDataLab/OpenFake,openfake_additional_900,fake,images/fake/3016cfebab5dc44162cff763c92c92bec977880b0740f30fe3cecc63cfaa4343.png,unassigned,42,human_train,giovanni,28,42
ade9fd796ab48a0acae88445732fc1baef4e7cbd245de21720712c2cb096beb1,ComplexDataLab/OpenFake,openfake_pilot_600,fake,images/fake/ade9fd796ab48a0acae88445732fc1baef4e7cbd245de21720712c2cb096beb1.png,unassigned,42,human_train,giovanni,29,42
7d1ed5e5d4e3bc1beb8dbb2c8678c8d75fce261223ea4931d209a5c68aa7a99c,ComplexDataLab/OpenFake,openfake_additional_900,real,images/real/7d1ed5e5d4e3bc1beb8dbb2c8678c8d75fce261223ea4931d209a5c68aa7a99c.jpg,unassigned,42,human_train,giovanni,30,42
374e45ebd3ecc4c43b76b05ff0088e54d00a0c1a6bfe658bc8e1b3f0fe8d3acc,ComplexDataLab/OpenFake,openfake_additional_900,real,images/real/374e45ebd3ecc4c43b76b05ff0088e54d00a0c1a6bfe658bc8e1b3f0fe8d3acc.jpg,unassigned,42,human_train,giovanni,31,42
e14c2b72ee15ebc0d3ad2b65d557797a2cba7e590b0544a229ae192ac81c5d4f,saberzl/SID_Set,sid_set_candidate_1500,fake,images/fake/e14c2b72ee15ebc0d3ad2b65d557797a2cba7e590b0544a229ae192ac81c5d4f.png,unassigned,42,human_train,giovanni,32,42
e3fcba18f5421e091c34a951fc82c1739dc87a7656ecce311020aa94c82bc3de,saberzl/SID_Set,sid_set_candidate_1500,fake,images/fake/e3fcba18f5421e091c34a951fc82c1739dc87a7656ecce311020aa94c82bc3de.png,unassigned,42,human_train,giovanni,33,42
e41d3c7ef887099c9bf8436a4129552501da31e09bc93182dc5427f9e26c1bba,saberzl/SID_Set,sid_set_candidate_1500,real,images/real/e41d3c7ef887099c9bf8436a4129552501da31e09bc93182dc5427f9e26c1bba.jpg,unassigned,42,human_train,giovanni,34,42
ef5ac6ff7160d5a07c39e78ece79bb63a0bb57503a777b6a89fdd1ae6c5d6584,saberzl/SID_Set,sid_set_candidate_1500,fake,images/fake/ef5ac6ff7160d5a07c39e78ece79bb63a0bb57503a777b6a89fdd1ae6c5d6584.png,unassigned,42,human_train,giovanni,35,42
b8d15cb5db5e44e22429599c4b4b4ae76c368bc14a664a9255e5fd0dc94faa08,ComplexDataLab/OpenFake,openfake_additional_900,real,images/real/b8d15cb5db5e44e22429599c4b4b4ae76c368bc14a664a9255e5fd0dc94faa08.jpg,unassigned,42,human_train,giovanni,36,42
3661bb186f215ff505cda7b90ba04bc4fbeed90c45d8b57f344a244c0ed182fe,ComplexDataLab/OpenFake,openfake_additional_900,real,images/real/3661bb186f215ff505cda7b90ba04bc4fbeed90c45d8b57f344a244c0ed182fe.jpg,unassigned,42,human_train,giovanni,37,42
f881925ff3796a8b02099cb43b677db8f2fa2267eb0161e9fe17dce1852e6000,ComplexDataLab/OpenFake,openfake_pilot_600,fake,images/fake/f881925ff3796a8b02099cb43b677db8f2fa2267eb0161e9fe17dce1852e6000.jpg,unassigned,42,human_train,giovanni,38,42
9c0cddb043bacccf5ae2884acc7ae92cf96a574e602f53dc42b66660f2586c41,ComplexDataLab/OpenFake,openfake_additional_900,real,images/real/9c0cddb043bacccf5ae2884acc7ae92cf96a574e602f53dc42b66660f2586c41.jpg,unassigned,42,human_train,giovanni,39,42
e0a5381a5d132cec0cefadb6d712df425e12320dbbbce7c4dac762b0cc1ff38e,saberzl/SID_Set,sid_set_candidate_1500,real,images/real/e0a5381a5d132cec0cefadb6d712df425e12320dbbbce7c4dac762b0cc1ff38e.jpg,unassigned,42,human_train,giovanni,40,42
dd736e197c2842c41f7699d083fc34d0cfdc630c24ced9e4779a0890487ecc22,ComplexDataLab/OpenFake,openfake_additional_900,fake,images/fake/dd736e197c2842c41f7699d083fc34d0cfdc630c24ced9e4779a0890487ecc22.png,unassigned,42,human_train,giovanni,41,42
c4da5465a34e7c9cafb597ff062d954935b53ed2f82977bb59580d894d150f6c,saberzl/SID_Set,sid_set_candidate_1500,fake,images/fake/c4da5465a34e7c9cafb597ff062d954935b53ed2f82977bb59580d894d150f6c.png,unassigned,42,human_train,giovanni,42,42
fa2ed703b49f210195fdd1f3a462f1b95826253121aded4f08fd439b0e8623e7,saberzl/SID_Set,sid_set_candidate_1500,real,images/real/fa2ed703b49f210195fdd1f3a462f1b95826253121aded4f08fd439b0e8623e7.jpg,unassigned,42,human_train,giovanni,43,42
184f67107497daa6867c73a94a993f170ebfd998c6eb894224b60eaa43ff23d3,saberzl/SID_Set,sid_set_candidate_1500,fake,images/fake/184f67107497daa6867c73a94a993f170ebfd998c6eb894224b60eaa43ff23d3.png,unassigned,42,human_train,giovanni,44,42
b52089b34726d7967c424ced3f7da564c6e4c63711c3d107ee463526359653ac,ComplexDataLab/OpenFake,openfake_additional_900,real,images/real/b52089b34726d7967c424ced3f7da564c6e4c63711c3d107ee463526359653ac.jpg,unassigned,42,human_train,giovanni,45,42
c4ef5ef2f139691c9191ca331101cf7967aa87fac84e8a4c889825b6f73283c7,saberzl/SID_Set,sid_set_candidate_1500,fake,images/fake/c4ef5ef2f139691c9191ca331101cf7967aa87fac84e8a4c889825b6f73283c7.png,unassigned,42,human_train,giovanni,46,42
8fb2b37a72a284b146c510401492e6dde8b492b51924cbb46aa1bc3bddd69650,saberzl/SID_Set,sid_set_candidate_1500,fake,images/fake/8fb2b37a72a284b146c510401492e6dde8b492b51924cbb46aa1bc3bddd69650.png,unassigned,42,human_train,giovanni,47,42
c552f3317939b6619ff5cfe8c73c46c452637a27c6f698ad43382e8a54d5f0ba,ComplexDataLab/OpenFake,openfake_additional_900,fake,images/fake/c552f3317939b6619ff5cfe8c73c46c452637a27c6f698ad43382e8a54d5f0ba.png,unassigned,42,human_train,giovanni,48,42
b2555488817f591b559538d7b6b4794359c67daec417b33a10f348a9c7e9ed3f,saberzl/SID_Set,sid_set_candidate_1500,real,images/real/b2555488817f591b559538d7b6b4794359c67daec417b33a10f348a9c7e9ed3f.jpg,unassigned,42,human_train,giovanni,49,42
1564245bbd0aa7132fa0391258283c258e918d85f04ecb93564a3b29de3261ce,ComplexDataLab/OpenFake,openfake_additional_900,real,images/real/1564245bbd0aa7132fa0391258283c258e918d85f04ecb93564a3b29de3261ce.jpg,unassigned,42,human_train,giovanni,50,42
1066e29317832e8599746a8a39be02cc203d261d6297fcaec01f23e1901a93a8,saberzl/SID_Set,sid_set_candidate_1500,real,images/real/1066e29317832e8599746a8a39be02cc203d261d6297fcaec01f23e1901a93a8.jpg,unassigned,42,human_train,giovanni,51,42
0d3a6c1adf273fd526f05973b18e6ba54ca8f627beb115c24a258a216186ed64,saberzl/SID_Set,sid_set_candidate_1500,real,images/real/0d3a6c1adf273fd526f05973b18e6ba54ca8f627beb115c24a258a216186ed64.jpg,unassigned,42,human_train,giovanni,52,42
497cb7e3696f4f9d849081072f422942be9139d1a108c04ccb9a163a316c142a,saberzl/SID_Set,sid_set_candidate_1500,real,images/real/497cb7e3696f4f9d849081072f422942be9139d1a108c04ccb9a163a316c142a.jpg,unassigned,42,human_train,giovanni,53,42
ce1f6b93f25718a4b78c7e7e295dd733899198720cdcf40e7a446a278f624fed,ComplexDataLab/OpenFake,openfake_additional_900,real,images/real/ce1f6b93f25718a4b78c7e7e295dd733899198720cdcf40e7a446a278f624fed.jpg,unassigned,42,human_train,giovanni,54,42
22f57b1146d5f400d4f3f16eebbf7913e518620e318f53cc409eec675603dda4,ComplexDataLab/OpenFake,openfake_additional_900,fake,images/fake/22f57b1146d5f400d4f3f16eebbf7913e518620e318f53cc409eec675603dda4.webp,unassigned,42,human_train,giovanni,55,42
79c105dbb0b0854ef28d5f365865a71c17b8bc99cf7535088800a1497d7a42b6,ComplexDataLab/OpenFake,openfake_pilot_600,real,images/real/79c105dbb0b0854ef28d5f365865a71c17b8bc99cf7535088800a1497d7a42b6.jpg,unassigned,42,human_train,giovanni,56,42
9e64200b350b955cbe4649e5fb5ef7f9a4b3780cda28e8b9fb44250cc378aca8,saberzl/SID_Set,sid_set_candidate_1500,fake,images/fake/9e64200b350b955cbe4649e5fb5ef7f9a4b3780cda28e8b9fb44250cc378aca8.png,unassigned,42,human_train,giovanni,57,42
c77e38356353d90bdb96c476031ab7d0fbc0e5d6729042bdadf72d42e63a2f18,ComplexDataLab/OpenFake,openfake_pilot_600,real,images/real/c77e38356353d90bdb96c476031ab7d0fbc0e5d6729042bdadf72d42e63a2f18.jpg,unassigned,42,human_train,giovanni,58,42
3c5fd88664a4ab56874d3b4061a100fcf9e35d05867ceff5ce70f4f070d6cc19,ComplexDataLab/OpenFake,openfake_pilot_600,fake,images/fake/3c5fd88664a4ab56874d3b4061a100fcf9e35d05867ceff5ce70f4f070d6cc19.png,unassigned,42,human_train,giovanni,59,42
c0feb92794768bb18f374a57504541906f8fe5cf4aab9afc8b772edeb19dd95e,saberzl/SID_Set,sid_set_candidate_1500,real,images/real/c0feb92794768bb18f374a57504541906f8fe5cf4aab9afc8b772edeb19dd95e.jpg,unassigned,42,human_train,giovanni,60,42
f261de55321515a60143820b17c29702de21627730f6c9810318b5a4d9cba573,saberzl/SID_Set,sid_set_candidate_1500,fake,images/fake/f261de55321515a60143820b17c29702de21627730f6c9810318b5a4d9cba573.png,unassigned,42,human_train,giovanni,61,42
99c061240c406a7162bf4db87086b0dee01ff52f0b4a9671e8b9964b7ecc3d81,saberzl/SID_Set,sid_set_candidate_1500,real,images/real/99c061240c406a7162bf4db87086b0dee01ff52f0b4a9671e8b9964b7ecc3d81.jpg,unassigned,42,human_train,giovanni,62,42
85e05d89b44c8ae89bff7809c4cc9ea59655f534d342d5244e70355ec1397f29,saberzl/SID_Set,sid_set_candidate_1500,fake,images/fake/85e05d89b44c8ae89bff7809c4cc9ea59655f534d342d5244e70355ec1397f29.png,unassigned,42,human_train,giovanni,63,42
26d332cdb2027871c60be2fed4e8345e0a34fc2c48ac3cc2a093161f906ddf68,saberzl/SID_Set,sid_set_candidate_1500,real,images/real/26d332cdb2027871c60be2fed4e8345e0a34fc2c48ac3cc2a093161f906ddf68.jpg,unassigned,42,human_train,giovanni,64,42
b84aeb44d07ddd976764fb43760e93d4d07c41cdd99f817a83334721756179ce,saberzl/SID_Set,sid_set_candidate_1500,real,images/real/b84aeb44d07ddd976764fb43760e93d4d07c41cdd99f817a83334721756179ce.jpg,unassigned,42,human_train,giovanni,65,42
02748a7ea7f4b4c86e6af44b003fe6e3f019a88377fa69a53a9b8be93f443daf,saberzl/SID_Set,sid_set_candidate_1500,real,images/real/02748a7ea7f4b4c86e6af44b003fe6e3f019a88377fa69a53a9b8be93f443daf.jpg,unassigned,42,human_train,giovanni,66,42
6199200986325e5fc448796786739d393a23a95be3c7084fa735f7565592f389,saberzl/SID_Set,sid_set_candidate_1500,fake,images/fake/6199200986325e5fc448796786739d393a23a95be3c7084fa735f7565592f389.png,unassigned,42,human_train,giovanni,67,42
733ee6ab3dff70235856bb9eaa614767f66a0b695634488a3c89cb3b19286cc0,ComplexDataLab/OpenFake,openfake_pilot_600,fake,images/fake/733ee6ab3dff70235856bb9eaa614767f66a0b695634488a3c89cb3b19286cc0.jpg,unassigned,42,human_train,giovanni,68,42
07f79d4f9cb185b5f2589aeb02f3868288e8a4202cad3dd378236a59d1dfa571,ComplexDataLab/OpenFake,openfake_additional_900,fake,images/fake/07f79d4f9cb185b5f2589aeb02f3868288e8a4202cad3dd378236a59d1dfa571.png,unassigned,42,human_train,giovanni,69,42
cbad67fdac0a4b0116d73f2a9c238b53c360c9bcf23d9f4ae115539bbf12f2fa,saberzl/SID_Set,sid_set_candidate_1500,fake,images/fake/cbad67fdac0a4b0116d73f2a9c238b53c360c9bcf23d9f4ae115539bbf12f2fa.png,unassigned,42,human_train,giovanni,70,42
4de90417a051be8e858e688b2730e3cf619bea650f95c8d7c2166ec36cabf2d4,saberzl/SID_Set,sid_set_candidate_1500,real,images/real/4de90417a051be8e858e688b2730e3cf619bea650f95c8d7c2166ec36cabf2d4.jpg,unassigned,42,human_train,giovanni,71,42
e285cca656782fef8597b829527282a4a8b3ffe65a32e6648fdfa7707ae75e7c,saberzl/SID_Set,sid_set_candidate_1500,fake,images/fake/e285cca656782fef8597b829527282a4a8b3ffe65a32e6648fdfa7707ae75e7c.png,unassigned,42,human_train,giovanni,72,42
f78780217e05573a991428332a693fd5e6d4f5a2ecd021cc0b78406f3b5a41fa,saberzl/SID_Set,sid_set_candidate_1500,real,images/real/f78780217e05573a991428332a693fd5e6d4f5a2ecd021cc0b78406f3b5a41fa.jpg,unassigned,42,human_train,giovanni,73,42
4fad2f768d1b0c3a6f5125e4c7ae7e59ac085dff0a709053692418226487c441,saberzl/SID_Set,sid_set_candidate_1500,fake,images/fake/4fad2f768d1b0c3a6f5125e4c7ae7e59ac085dff0a709053692418226487c441.png,unassigned,42,human_train,giovanni,74,42
6b14c74f3bd6103ead4041936eabb638aec06ce7a167c63d69ce462bb8a45bac,ComplexDataLab/OpenFake,openfake_additional_900,real,images/real/6b14c74f3bd6103ead4041936eabb638aec06ce7a167c63d69ce462bb8a45bac.jpg,unassigned,42,human_train,giovanni,75,42
5ed754ae4a356c5afd2a3c2c323c92114388ab10e39a7990ea8b9f35b31a824e,saberzl/SID_Set,sid_set_candidate_1500,fake,images/fake/5ed754ae4a356c5afd2a3c2c323c92114388ab10e39a7990ea8b9f35b31a824e.png,unassigned,42,human_train,giovanni,76,42
fa632cce995afc4b7974f33902d52c95f49f0a1fff7d822e914a07cc20cab234,ComplexDataLab/OpenFake,openfake_additional_900,fake,images/fake/fa632cce995afc4b7974f33902d52c95f49f0a1fff7d822e914a07cc20cab234.png,unassigned,42,human_train,giovanni,77,42
4784907b79c4681e79abc74ca063a1a3893cf7aaf640fe022e014434feb78b51,saberzl/SID_Set,sid_set_candidate_1500,fake,images/fake/4784907b79c4681e79abc74ca063a1a3893cf7aaf640fe022e014434feb78b51.png,unassigned,42,human_train,giovanni,78,42
f159f7f1becf4f1af80af2791aec93d7fd89697896ea60244cf75ba1e18ecd7b,ComplexDataLab/OpenFake,openfake_pilot_600,fake,images/fake/f159f7f1becf4f1af80af2791aec93d7fd89697896ea60244cf75ba1e18ecd7b.png,unassigned,42,human_train,giovanni,79,42
2ca52aab7a4718d9ff2b152c70d484861a13da051958e7d4f39b027b00352fd8,saberzl/SID_Set,sid_set_candidate_1500,fake,images/fake/2ca52aab7a4718d9ff2b152c70d484861a13da051958e7d4f39b027b00352fd8.png,unassigned,42,human_train,giovanni,80,42
d37a223c59f986e77b04456ea2b45973c3bce7e9c502f6b3d6050e9d0719dc7f,ComplexDataLab/OpenFake,openfake_pilot_600,real,images/real/d37a223c59f986e77b04456ea2b45973c3bce7e9c502f6b3d6050e9d0719dc7f.jpg,unassigned,42,human_train,giovanni,81,42
dd876e107a4831147130399c135a348d8a71b15c8aa492e281785181c360a1f3,ComplexDataLab/OpenFake,openfake_additional_900,real,images/real/dd876e107a4831147130399c135a348d8a71b15c8aa492e281785181c360a1f3.jpg,unassigned,42,human_train,giovanni,82,42
2901813455299c13e3f026e5a451a8d452b6827e7086cc6d5d7988e5a1e48086,saberzl/SID_Set,sid_set_candidate_1500,real,images/real/2901813455299c13e3f026e5a451a8d452b6827e7086cc6d5d7988e5a1e48086.jpg,unassigned,42,human_train,giovanni,83,42
941067793367eb8496ada0012966d8aa70af596af81faf2b72ac48f762d4c947,ComplexDataLab/OpenFake,openfake_additional_900,real,images/real/941067793367eb8496ada0012966d8aa70af596af81faf2b72ac48f762d4c947.jpg,unassigned,42,human_train,giovanni,84,42
b19f7071b020fbbbbd63f39bf157207085357ad3ea2a70e3d0268972aa97b6b1,ComplexDataLab/OpenFake,openfake_additional_900,fake,images/fake/b19f7071b020fbbbbd63f39bf157207085357ad3ea2a70e3d0268972aa97b6b1.png,unassigned,42,human_train,giovanni,85,42
725ffd38b9191d1d92f27bf9d99963531af43ae978d477947a9a93c018c5a4c9,ComplexDataLab/OpenFake,openfake_additional_900,real,images/real/725ffd38b9191d1d92f27bf9d99963531af43ae978d477947a9a93c018c5a4c9.jpg,unassigned,42,human_train,giovanni,86,42
cf5cf740601b3089b4ae1a947112bc8726984b0c61f2d71ddfc5005dae0732cc,ComplexDataLab/OpenFake,openfake_additional_900,fake,images/fake/cf5cf740601b3089b4ae1a947112bc8726984b0c61f2d71ddfc5005dae0732cc.png,unassigned,42,human_train,giovanni,87,42
33b7f53291d9de5c00736fe79747aa61d9c10a988ccc921822f1e36ec2566566,saberzl/SID_Set,sid_set_candidate_1500,fake,images/fake/33b7f53291d9de5c00736fe79747aa61d9c10a988ccc921822f1e36ec2566566.png,unassigned,42,human_train,giovanni,88,42
2791a0894d6747cabd0d8814312e2917c77679e14b4232e4d2654061a935f919,ComplexDataLab/OpenFake,openfake_additional_900,real,images/real/2791a0894d6747cabd0d8814312e2917c77679e14b4232e4d2654061a935f919.jpg,unassigned,42,human_train,giovanni,89,42
0e7e22e427067f08efadab663e1a4f1c1513567d13e7558bc360b55e0048c79d,saberzl/SID_Set,sid_set_candidate_1500,fake,images/fake/0e7e22e427067f08efadab663e1a4f1c1513567d13e7558bc360b55e0048c79d.png,unassigned,42,human_train,giovanni,90,42
87c666dfa8a0abfad787aa77f83cc87d8f760fc47f3e19c7c1c38f0d4dc97120,ComplexDataLab/OpenFake,openfake_pilot_600,fake,images/fake/87c666dfa8a0abfad787aa77f83cc87d8f760fc47f3e19c7c1c38f0d4dc97120.png,unassigned,42,human_train,giovanni,91,42
08d8bd1005a12d89f20435d181be248f7fecb411d5c9c07657503196a6fde8bf,saberzl/SID_Set,sid_set_candidate_1500,real,images/real/08d8bd1005a12d89f20435d181be248f7fecb411d5c9c07657503196a6fde8bf.jpg,unassigned,42,human_train,giovanni,92,42
f9c3596a3388d0a929ee5a43dd74c44c7eac50a58646c14cef596c8ac3b1a630,saberzl/SID_Set,sid_set_candidate_1500,real,images/real/f9c3596a3388d0a929ee5a43dd74c44c7eac50a58646c14cef596c8ac3b1a630.jpg,unassigned,42,human_train,giovanni,93,42
8cc189931eee360ead193ed8293fd15d8c64acabbc6014f2871c7365fe9140c3,saberzl/SID_Set,sid_set_candidate_1500,fake,images/fake/8cc189931eee360ead193ed8293fd15d8c64acabbc6014f2871c7365fe9140c3.png,unassigned,42,human_train,giovanni,94,42
79ff2e63097180307311753145d4bfd63fbaa11c2e3939c861e5d57600902475,ComplexDataLab/OpenFake,openfake_additional_900,fake,images/fake/79ff2e63097180307311753145d4bfd63fbaa11c2e3939c861e5d57600902475.png,unassigned,42,human_train,giovanni,95,42
289c3d2d731715a1afee54caeee6606ed2c97477fde31b85a3be275139ebcdc4,ComplexDataLab/OpenFake,openfake_additional_900,real,images/real/289c3d2d731715a1afee54caeee6606ed2c97477fde31b85a3be275139ebcdc4.jpg,unassigned,42,human_train,giovanni,96,42
b4aee5b2db92b4199f8fb2cf2e0c118f26d4acbc51a24aad29d2861a1072e495,ComplexDataLab/OpenFake,openfake_additional_900,fake,images/fake/b4aee5b2db92b4199f8fb2cf2e0c118f26d4acbc51a24aad29d2861a1072e495.png,unassigned,42,human_train,giovanni,97,42
56ba7b5a4368c18dae9dc8cd4d48f6007521442f62059a5791e7a7f2b581d880,ComplexDataLab/OpenFake,openfake_additional_900,fake,images/fake/56ba7b5a4368c18dae9dc8cd4d48f6007521442f62059a5791e7a7f2b581d880.png,unassigned,42,human_train,giovanni,98,42
3ed40b63111d48ea5999b8f022c75de58d30ece4bc35c3b614e94ef771de12f7,ComplexDataLab/OpenFake,openfake_additional_900,fake,images/fake/3ed40b63111d48ea5999b8f022c75de58d30ece4bc35c3b614e94ef771de12f7.png,unassigned,42,human_train,giovanni,99,42
f46ea0a9f7122cb111f80792f1eecf8b7cf816517426349568d972e8737d7f76,saberzl/SID_Set,sid_set_candidate_1500,real,images/real/f46ea0a9f7122cb111f80792f1eecf8b7cf816517426349568d972e8737d7f76.jpg,unassigned,42,human_train,giovanni,100,42
603dd1302b2fb5cf5a47499e1bcb0ff47de5646afca2f758c81e0acd653e01c5,ComplexDataLab/OpenFake,openfake_additional_900,real,images/real/603dd1302b2fb5cf5a47499e1bcb0ff47de5646afca2f758c81e0acd653e01c5.jpg,unassigned,42,human_train,lorenzo,1,42
7a834e6ae1072b1f410cd47dd08d4294a8754b898b6478cb5c905bfdea5c2059,saberzl/SID_Set,sid_set_candidate_1500,fake,images/fake/7a834e6ae1072b1f410cd47dd08d4294a8754b898b6478cb5c905bfdea5c2059.png,unassigned,42,human_train,lorenzo,2,42
056e94ca3802b167d68c51ef79a45b9d8156d3d3749d75c11a2478714015bab9,saberzl/SID_Set,sid_set_candidate_1500,real,images/real/056e94ca3802b167d68c51ef79a45b9d8156d3d3749d75c11a2478714015bab9.jpg,unassigned,42,human_train,lorenzo,3,42
de2a1078cdf26ff660f587bc6202c1d58b53d9787d1f21dd8c03fd6550ff2c4a,ComplexDataLab/OpenFake,openfake_additional_900,real,images/real/de2a1078cdf26ff660f587bc6202c1d58b53d9787d1f21dd8c03fd6550ff2c4a.jpg,unassigned,42,human_train,lorenzo,4,42
fbf063206a1ab90c9d745f82ec9706ee85feb270bb3a7d858b766d574015222e,ComplexDataLab/OpenFake,openfake_additional_900,fake,images/fake/fbf063206a1ab90c9d745f82ec9706ee85feb270bb3a7d858b766d574015222e.png,unassigned,42,human_train,lorenzo,5,42
d83b990da1b743a0385b8d2e287ea925d5c6067d01b688002a9926bde0304f4a,saberzl/SID_Set,sid_set_candidate_1500,fake,images/fake/d83b990da1b743a0385b8d2e287ea925d5c6067d01b688002a9926bde0304f4a.png,unassigned,42,human_train,lorenzo,6,42
77530bd59d9384426ee450a9d54aaf63794d3f17a6ed3f39b6aedf71f1469373,ComplexDataLab/OpenFake,openfake_additional_900,real,images/real/77530bd59d9384426ee450a9d54aaf63794d3f17a6ed3f39b6aedf71f1469373.jpg,unassigned,42,human_train,lorenzo,7,42
c4d19a75ffec3b25458e7a44dd7e1c11a3e9b106e060a74e89c83e785dfc7b54,saberzl/SID_Set,sid_set_candidate_1500,fake,images/fake/c4d19a75ffec3b25458e7a44dd7e1c11a3e9b106e060a74e89c83e785dfc7b54.png,unassigned,42,human_train,lorenzo,8,42
33a3792dac9ca3840412daeaed4fcd6f798e92893bed317a5b2dd7f7ed79b002,ComplexDataLab/OpenFake,openfake_pilot_600,fake,images/fake/33a3792dac9ca3840412daeaed4fcd6f798e92893bed317a5b2dd7f7ed79b002.webp,unassigned,42,human_train,lorenzo,9,42
f5f53c4a5c57fed5111f36edc822cfa089ee7541ee3564740bf1027842e5bc7c,saberzl/SID_Set,sid_set_candidate_1500,real,images/real/f5f53c4a5c57fed5111f36edc822cfa089ee7541ee3564740bf1027842e5bc7c.jpg,unassigned,42,human_train,lorenzo,10,42
cc68576123d2f6625c6db066e7a08701e5a6acd8d58530399c1177a06916a0a4,ComplexDataLab/OpenFake,openfake_additional_900,fake,images/fake/cc68576123d2f6625c6db066e7a08701e5a6acd8d58530399c1177a06916a0a4.png,unassigned,42,human_train,lorenzo,11,42
62795a2b1cbe271bf97399a28ad4fac3bfc23f8f38707773ce1438374182d797,saberzl/SID_Set,sid_set_candidate_1500,fake,images/fake/62795a2b1cbe271bf97399a28ad4fac3bfc23f8f38707773ce1438374182d797.png,unassigned,42,human_train,lorenzo,12,42
e26b401d68bcb581c2c8999c921be3bd406d94eb417c7bae7da5ff8a175b161b,ComplexDataLab/OpenFake,openfake_additional_900,fake,images/fake/e26b401d68bcb581c2c8999c921be3bd406d94eb417c7bae7da5ff8a175b161b.png,unassigned,42,human_train,lorenzo,13,42
9992cb53a3131c2a2ed9d031cfa62204d808352a9b9c66fb2bd659de29db2c46,ComplexDataLab/OpenFake,openfake_additional_900,fake,images/fake/9992cb53a3131c2a2ed9d031cfa62204d808352a9b9c66fb2bd659de29db2c46.jpg,unassigned,42,human_train,lorenzo,14,42
1666626ba244b301d5b10c187b3c9d3cad15a640fa3b91381b12e5756f95552e,ComplexDataLab/OpenFake,openfake_additional_900,real,images/real/1666626ba244b301d5b10c187b3c9d3cad15a640fa3b91381b12e5756f95552e.jpg,unassigned,42,human_train,lorenzo,15,42
27a8837396877f6e6c79abe739a969bbbed572cbab48a8ad372f4b3bec846b6e,ComplexDataLab/OpenFake,openfake_pilot_600,fake,images/fake/27a8837396877f6e6c79abe739a969bbbed572cbab48a8ad372f4b3bec846b6e.png,unassigned,42,human_train,lorenzo,16,42
2616ae726257175cbc4aee0907a4a767fe09f6d053a48083a30d22315b722736,saberzl/SID_Set,sid_set_candidate_1500,real,images/real/2616ae726257175cbc4aee0907a4a767fe09f6d053a48083a30d22315b722736.jpg,unassigned,42,human_train,lorenzo,17,42
406d8427e83ccd9e72e985d7828a9a8028c863c4f38e66beb7303348832b6b9c,ComplexDataLab/OpenFake,openfake_additional_900,fake,images/fake/406d8427e83ccd9e72e985d7828a9a8028c863c4f38e66beb7303348832b6b9c.jpg,unassigned,42,human_train,lorenzo,18,42
cdc6c2adcbea5b64d50b74af4c0443e3aa6614588b5fdacdb905fe237bb074fe,saberzl/SID_Set,sid_set_candidate_1500,fake,images/fake/cdc6c2adcbea5b64d50b74af4c0443e3aa6614588b5fdacdb905fe237bb074fe.png,unassigned,42,human_train,lorenzo,19,42
a4dfc12cf486dcc3ae2f862a3200317391c42715845370737c64ad421cfa66ae,saberzl/SID_Set,sid_set_candidate_1500,fake,images/fake/a4dfc12cf486dcc3ae2f862a3200317391c42715845370737c64ad421cfa66ae.png,unassigned,42,human_train,lorenzo,20,42
80b6f407808ba28b0d8c6e09f3adace9a4408da9535b72e493af26fca6aa4412,saberzl/SID_Set,sid_set_candidate_1500,real,images/real/80b6f407808ba28b0d8c6e09f3adace9a4408da9535b72e493af26fca6aa4412.jpg,unassigned,42,human_train,lorenzo,21,42
544422af3922855b85984583ae4e579c35821c544c1186cd6ceb8b18319c8fd8,saberzl/SID_Set,sid_set_candidate_1500,fake,images/fake/544422af3922855b85984583ae4e579c35821c544c1186cd6ceb8b18319c8fd8.png,unassigned,42,human_train,lorenzo,22,42
01c2dc25de4fd1137d5eba4c85cd924388783d41a356f5ba7652aaafb537132c,saberzl/SID_Set,sid_set_candidate_1500,real,images/real/01c2dc25de4fd1137d5eba4c85cd924388783d41a356f5ba7652aaafb537132c.jpg,unassigned,42,human_train,lorenzo,23,42
07384e302abb3ab518e316c601457622bb1a67460d1fdaca3c5362d347979dd8,ComplexDataLab/OpenFake,openfake_additional_900,fake,images/fake/07384e302abb3ab518e316c601457622bb1a67460d1fdaca3c5362d347979dd8.png,unassigned,42,human_train,lorenzo,24,42
eea23b496c2b49430c24785a9fc529d8b80c117c2b795d3495dc6dea34440b5d,saberzl/SID_Set,sid_set_candidate_1500,fake,images/fake/eea23b496c2b49430c24785a9fc529d8b80c117c2b795d3495dc6dea34440b5d.png,unassigned,42,human_train,lorenzo,25,42
5be9d51f0c67dba26b83a6992a8880cc67836be24f3fafd7c2f4d7d9f16e8358,ComplexDataLab/OpenFake,openfake_pilot_600,fake,images/fake/5be9d51f0c67dba26b83a6992a8880cc67836be24f3fafd7c2f4d7d9f16e8358.png,unassigned,42,human_train,lorenzo,26,42
317960cdb93ed395e34cdaac6e99ced6e792b82eec15462e64fcef9ebc97756e,saberzl/SID_Set,sid_set_candidate_1500,real,images/real/317960cdb93ed395e34cdaac6e99ced6e792b82eec15462e64fcef9ebc97756e.jpg,unassigned,42,human_train,lorenzo,27,42
393251b6a2969798e5eef41307f24380cb6393909a2fe4c724f29c56ecb0bf8e,saberzl/SID_Set,sid_set_candidate_1500,fake,images/fake/393251b6a2969798e5eef41307f24380cb6393909a2fe4c724f29c56ecb0bf8e.png,unassigned,42,human_train,lorenzo,28,42
c32119264940e68ed08f6ecdae85f5d84cb60bc17ec1cf1b57ac0bb435cea278,saberzl/SID_Set,sid_set_candidate_1500,real,images/real/c32119264940e68ed08f6ecdae85f5d84cb60bc17ec1cf1b57ac0bb435cea278.jpg,unassigned,42,human_train,lorenzo,29,42
08ac98b0ffa43c5e3d8088abb10f13fcdbe243e075182db3e732cfbd1a231867,saberzl/SID_Set,sid_set_candidate_1500,fake,images/fake/08ac98b0ffa43c5e3d8088abb10f13fcdbe243e075182db3e732cfbd1a231867.png,unassigned,42,human_train,lorenzo,30,42
2c1575eac884ba672c6e56bc30672b7087ac1ed956c1b48cd1bad16326331981,saberzl/SID_Set,sid_set_candidate_1500,real,images/real/2c1575eac884ba672c6e56bc30672b7087ac1ed956c1b48cd1bad16326331981.jpg,unassigned,42,human_train,lorenzo,31,42
0be0c4bfc0aec81122347ee5410a4e81278df49dab0482bcfa5b7f8ebb1f183a,ComplexDataLab/OpenFake,openfake_additional_900,fake,images/fake/0be0c4bfc0aec81122347ee5410a4e81278df49dab0482bcfa5b7f8ebb1f183a.png,unassigned,42,human_train,lorenzo,32,42
ea1f491e3f8c985b28f83fa15eb336a666183a4fe872460e4aa113aafa444073,ComplexDataLab/OpenFake,openfake_additional_900,real,images/real/ea1f491e3f8c985b28f83fa15eb336a666183a4fe872460e4aa113aafa444073.jpg,unassigned,42,human_train,lorenzo,33,42
e6d84633f7e23ea2bd1fb0a1477cbfc3c20388686b752fe322abac26d04e1297,ComplexDataLab/OpenFake,openfake_additional_900,real,images/real/e6d84633f7e23ea2bd1fb0a1477cbfc3c20388686b752fe322abac26d04e1297.jpg,unassigned,42,human_train,lorenzo,34,42
c38d6a709302f7a35c19e84f7abfeb2a3a874f7061549a3c7c8404b9515cd051,saberzl/SID_Set,sid_set_candidate_1500,fake,images/fake/c38d6a709302f7a35c19e84f7abfeb2a3a874f7061549a3c7c8404b9515cd051.png,unassigned,42,human_train,lorenzo,35,42
dc3c5b4fcddc615a09ec80486017484cc4e9aff600e16cb1d3ebcec090c5a20e,saberzl/SID_Set,sid_set_candidate_1500,fake,images/fake/dc3c5b4fcddc615a09ec80486017484cc4e9aff600e16cb1d3ebcec090c5a20e.png,unassigned,42,human_train,lorenzo,36,42
3b8158e65aa15623e3d19186ff59e7be26a80fe6b28ec5a71be85e23498bb3f1,saberzl/SID_Set,sid_set_candidate_1500,real,images/real/3b8158e65aa15623e3d19186ff59e7be26a80fe6b28ec5a71be85e23498bb3f1.jpg,unassigned,42,human_train,lorenzo,37,42
3dd87daa696501c1548a28ff90d620d81226e1ecca146d7fc9e4d41a47adacc0,saberzl/SID_Set,sid_set_candidate_1500,fake,images/fake/3dd87daa696501c1548a28ff90d620d81226e1ecca146d7fc9e4d41a47adacc0.png,unassigned,42,human_train,lorenzo,38,42
bb1c594760514a8c7c94401811ddc6c73e6efbf22a1dcafa5d2dbb493e4927c8,ComplexDataLab/OpenFake,openfake_additional_900,real,images/real/bb1c594760514a8c7c94401811ddc6c73e6efbf22a1dcafa5d2dbb493e4927c8.jpg,unassigned,42,human_train,lorenzo,39,42
9d0c8ad7f5c2987905174b65cabe46cfe275f0500e6865013a89b1c3d9268edf,saberzl/SID_Set,sid_set_candidate_1500,real,images/real/9d0c8ad7f5c2987905174b65cabe46cfe275f0500e6865013a89b1c3d9268edf.jpg,unassigned,42,human_train,lorenzo,40,42
3a1b5fa6c10324ac43dbfd6604f13d94b13be03b6b537ad3c5ab7cb26f294fe3,ComplexDataLab/OpenFake,openfake_additional_900,real,images/real/3a1b5fa6c10324ac43dbfd6604f13d94b13be03b6b537ad3c5ab7cb26f294fe3.jpg,unassigned,42,human_train,lorenzo,41,42
e974c5270c9beb4a5fac394ad7750e613409a4e1c0f17e7ffc91fca96afc3a5d,saberzl/SID_Set,sid_set_candidate_1500,real,images/real/e974c5270c9beb4a5fac394ad7750e613409a4e1c0f17e7ffc91fca96afc3a5d.jpg,unassigned,42,human_train,lorenzo,42,42
25a0f88d3511166b8649c9a7adaa251823ab583caa866f54a5d127668321f823,saberzl/SID_Set,sid_set_candidate_1500,fake,images/fake/25a0f88d3511166b8649c9a7adaa251823ab583caa866f54a5d127668321f823.png,unassigned,42,human_train,lorenzo,43,42
eb8bb6f1e02b65dc4e6d75b70c03afec584fa2b4a47ca4d1a9c50aaa0b6f92f9,ComplexDataLab/OpenFake,openfake_additional_900,fake,images/fake/eb8bb6f1e02b65dc4e6d75b70c03afec584fa2b4a47ca4d1a9c50aaa0b6f92f9.png,unassigned,42,human_train,lorenzo,44,42
412ccea9882261a40077329f8dc0944cfa881d1208239cb74dd8e16736c59400,ComplexDataLab/OpenFake,openfake_additional_900,real,images/real/412ccea9882261a40077329f8dc0944cfa881d1208239cb74dd8e16736c59400.jpg,unassigned,42,human_train,lorenzo,45,42
48b7a71d356bd71b2d4237c623c0c156fabae96ba03ad473f37b267763b11633,ComplexDataLab/OpenFake,openfake_additional_900,fake,images/fake/48b7a71d356bd71b2d4237c623c0c156fabae96ba03ad473f37b267763b11633.png,unassigned,42,human_train,lorenzo,46,42
3e48d7980e451d77033d474815c2fc5ecd20a928eb2fdac40b8f14d82791ba00,ComplexDataLab/OpenFake,openfake_additional_900,real,images/real/3e48d7980e451d77033d474815c2fc5ecd20a928eb2fdac40b8f14d82791ba00.jpg,unassigned,42,human_train,lorenzo,47,42
bd37e7d5ac4479f6c10e29f3d7b67131cd74f0ebd3657720a6c88818c08b9c20,saberzl/SID_Set,sid_set_candidate_1500,real,images/real/bd37e7d5ac4479f6c10e29f3d7b67131cd74f0ebd3657720a6c88818c08b9c20.jpg,unassigned,42,human_train,lorenzo,48,42
fcc33daa2f0dcaf21466e090b42935a1002b5a99a2adf56930bb62a8341e89ce,saberzl/SID_Set,sid_set_candidate_1500,fake,images/fake/fcc33daa2f0dcaf21466e090b42935a1002b5a99a2adf56930bb62a8341e89ce.png,unassigned,42,human_train,lorenzo,49,42
61a8df1641bf64796e73420f2245f5a75f38230d995a7b00fd1305069ab09bcc,saberzl/SID_Set,sid_set_candidate_1500,fake,images/fake/61a8df1641bf64796e73420f2245f5a75f38230d995a7b00fd1305069ab09bcc.png,unassigned,42,human_train,lorenzo,50,42
f05c346ef23ef0347b57d5b28808579f9205ba69a318c213db51c1cebe4100fd,ComplexDataLab/OpenFake,openfake_pilot_600,real,images/real/f05c346ef23ef0347b57d5b28808579f9205ba69a318c213db51c1cebe4100fd.jpg,unassigned,42,human_train,lorenzo,51,42
23e0f9c0fe7eac99d6b4ac0b15cacc3f4b41de3c447e01175c3c5c416196018d,saberzl/SID_Set,sid_set_candidate_1500,real,images/real/23e0f9c0fe7eac99d6b4ac0b15cacc3f4b41de3c447e01175c3c5c416196018d.jpg,unassigned,42,human_train,lorenzo,52,42
b9f28a9c7e25db31da55ef294770b11995d157a819817761fc8513dd75ba304d,saberzl/SID_Set,sid_set_candidate_1500,real,images/real/b9f28a9c7e25db31da55ef294770b11995d157a819817761fc8513dd75ba304d.jpg,unassigned,42,human_train,lorenzo,53,42
2a1ea8ce014057b6977a8b6bea9efcb4c26e81da93d5910c90a3095fd0b22c3e,saberzl/SID_Set,sid_set_candidate_1500,real,images/real/2a1ea8ce014057b6977a8b6bea9efcb4c26e81da93d5910c90a3095fd0b22c3e.jpg,unassigned,42,human_train,lorenzo,54,42
299e2de57f8371be987ea096817cd12342d020bb1bcc3c8d33d512133cd47d3f,ComplexDataLab/OpenFake,openfake_additional_900,fake,images/fake/299e2de57f8371be987ea096817cd12342d020bb1bcc3c8d33d512133cd47d3f.jpg,unassigned,42,human_train,lorenzo,55,42
08438c5fa8410f6bd4bee37721db733715605990536b017200a387a263e79608,ComplexDataLab/OpenFake,openfake_additional_900,real,images/real/08438c5fa8410f6bd4bee37721db733715605990536b017200a387a263e79608.jpg,unassigned,42,human_train,lorenzo,56,42
29abcb93f31db5b6977e4cb6f5ce7bf3b92e56ba2dbbcec125b019f1370d3a3a,saberzl/SID_Set,sid_set_candidate_1500,fake,images/fake/29abcb93f31db5b6977e4cb6f5ce7bf3b92e56ba2dbbcec125b019f1370d3a3a.png,unassigned,42,human_train,lorenzo,57,42
408f7858e2e075b582f0e24d32cd8de157073b48308c8f252e6003d87aa22e2d,ComplexDataLab/OpenFake,openfake_additional_900,real,images/real/408f7858e2e075b582f0e24d32cd8de157073b48308c8f252e6003d87aa22e2d.jpg,unassigned,42,human_train,lorenzo,58,42
7311cb770224aa8b75a8d9adfb094213c88c026cbc9b27856f9d162ec5150cec,ComplexDataLab/OpenFake,openfake_additional_900,real,images/real/7311cb770224aa8b75a8d9adfb094213c88c026cbc9b27856f9d162ec5150cec.jpg,unassigned,42,human_train,lorenzo,59,42
19c530d2a60c0687844cc650389c43eaab499d15c6457ba593704a77a73a7007,ComplexDataLab/OpenFake,openfake_pilot_600,fake,images/fake/19c530d2a60c0687844cc650389c43eaab499d15c6457ba593704a77a73a7007.png,unassigned,42,human_train,lorenzo,60,42
8e81751bb258e04b0460c3467c238aad619e82665e5142c6cfdf1e7eb963533d,ComplexDataLab/OpenFake,openfake_additional_900,real,images/real/8e81751bb258e04b0460c3467c238aad619e82665e5142c6cfdf1e7eb963533d.jpg,unassigned,42,human_train,lorenzo,61,42
dc8c7b479919a5d77a7587a2c9a68ef98bac85e75d9d348220fb56e5e6026cf4,ComplexDataLab/OpenFake,openfake_additional_900,real,images/real/dc8c7b479919a5d77a7587a2c9a68ef98bac85e75d9d348220fb56e5e6026cf4.jpg,unassigned,42,human_train,lorenzo,62,42
fd2f3e2001b9bca2e09b010c54dc8f096ca36ce22f1357439750348b226ed7db,ComplexDataLab/OpenFake,openfake_additional_900,fake,images/fake/fd2f3e2001b9bca2e09b010c54dc8f096ca36ce22f1357439750348b226ed7db.png,unassigned,42,human_train,lorenzo,63,42
bd05cc98a020f538fcc2158c16653c0d556946e68fae83d6776c0a65e7ea0040,saberzl/SID_Set,sid_set_candidate_1500,real,images/real/bd05cc98a020f538fcc2158c16653c0d556946e68fae83d6776c0a65e7ea0040.jpg,unassigned,42,human_train,lorenzo,64,42
b15272e3dd65e4c16b66287f67d14308c26f8466ba26acc84db72901d6fdf70b,saberzl/SID_Set,sid_set_candidate_1500,fake,images/fake/b15272e3dd65e4c16b66287f67d14308c26f8466ba26acc84db72901d6fdf70b.png,unassigned,42,human_train,lorenzo,65,42
c39c7e63bf2c27f16ba5b42d3157da1e0a23589d8843cadd162e5e06eaeb833d,ComplexDataLab/OpenFake,openfake_pilot_600,real,images/real/c39c7e63bf2c27f16ba5b42d3157da1e0a23589d8843cadd162e5e06eaeb833d.jpg,unassigned,42,human_train,lorenzo,66,42
fcb8509c41b1aace8e26155e530d67c34d1dd57d4e11c96a15278e9e65fadfad,saberzl/SID_Set,sid_set_candidate_1500,fake,images/fake/fcb8509c41b1aace8e26155e530d67c34d1dd57d4e11c96a15278e9e65fadfad.png,unassigned,42,human_train,lorenzo,67,42
88246a53a15621d7fbf6b5f9150530751cb77d15051e5924835d1e05d9de0468,saberzl/SID_Set,sid_set_candidate_1500,fake,images/fake/88246a53a15621d7fbf6b5f9150530751cb77d15051e5924835d1e05d9de0468.png,unassigned,42,human_train,lorenzo,68,42
f7bd047ca38f4a60feb27f8c29464b445780a0eb97033478b0c7538ea8645a43,saberzl/SID_Set,sid_set_candidate_1500,real,images/real/f7bd047ca38f4a60feb27f8c29464b445780a0eb97033478b0c7538ea8645a43.jpg,unassigned,42,human_train,lorenzo,69,42
da0a9d12c2fbf72f026a50ce13a1005c56738e8c58989a520810d9c121fa820f,saberzl/SID_Set,sid_set_candidate_1500,fake,images/fake/da0a9d12c2fbf72f026a50ce13a1005c56738e8c58989a520810d9c121fa820f.png,unassigned,42,human_train,lorenzo,70,42
8f0a1c658d53448b5daf574d50c1d155614d4a12c55f6ddbc0be8e06f88e79b2,ComplexDataLab/OpenFake,openfake_pilot_600,fake,images/fake/8f0a1c658d53448b5daf574d50c1d155614d4a12c55f6ddbc0be8e06f88e79b2.png,unassigned,42,human_train,lorenzo,71,42
ee392781e3e722fb288dc67174414e764f92bae62f934405d39fc809d7df353c,ComplexDataLab/OpenFake,openfake_pilot_600,fake,images/fake/ee392781e3e722fb288dc67174414e764f92bae62f934405d39fc809d7df353c.png,unassigned,42,human_train,lorenzo,72,42
36fcab72dabecc23cbe9fbf3990d637b304e07f112510fad98811d86e362038b,saberzl/SID_Set,sid_set_candidate_1500,real,images/real/36fcab72dabecc23cbe9fbf3990d637b304e07f112510fad98811d86e362038b.jpg,unassigned,42,human_train,lorenzo,73,42
c853d0cac2b865434dc1e5b3ddf483ebda85dd609cbbca5bb1a9a3462065a3e5,ComplexDataLab/OpenFake,openfake_additional_900,fake,images/fake/c853d0cac2b865434dc1e5b3ddf483ebda85dd609cbbca5bb1a9a3462065a3e5.png,unassigned,42,human_train,lorenzo,74,42
4fe56bbb4fe79682cde0354e1d77d21bd71900ca1eb5c60b1662aeb1922d1767,ComplexDataLab/OpenFake,openfake_additional_900,real,images/real/4fe56bbb4fe79682cde0354e1d77d21bd71900ca1eb5c60b1662aeb1922d1767.jpg,unassigned,42,human_train,lorenzo,75,42
880ad5b295990c8fc8f60a504a83e2764760f845382bd48cf12a1ead982ca864,saberzl/SID_Set,sid_set_candidate_1500,real,images/real/880ad5b295990c8fc8f60a504a83e2764760f845382bd48cf12a1ead982ca864.jpg,unassigned,42,human_train,lorenzo,76,42
64d72d545eb2792a0ef1ef8c54ecbcd1f088d124a8eeb7e1fadc10978118eca4,ComplexDataLab/OpenFake,openfake_pilot_600,real,images/real/64d72d545eb2792a0ef1ef8c54ecbcd1f088d124a8eeb7e1fadc10978118eca4.jpg,unassigned,42,human_train,lorenzo,77,42
5620e447d4f0608a4368b548917a10748006292454fdb9104a5046f8c1cf2e38,ComplexDataLab/OpenFake,openfake_additional_900,real,images/real/5620e447d4f0608a4368b548917a10748006292454fdb9104a5046f8c1cf2e38.jpg,unassigned,42,human_train,lorenzo,78,42
e79b3974b916906371db2146e05db1ff24dcc6f14bd3805b3307c3b47fccdfa2,ComplexDataLab/OpenFake,openfake_additional_900,real,images/real/e79b3974b916906371db2146e05db1ff24dcc6f14bd3805b3307c3b47fccdfa2.jpg,unassigned,42,human_train,lorenzo,79,42
5335d115d003dbdba4a58c9e52b05b09fae5703715321bcf5c98ec951a06160c,saberzl/SID_Set,sid_set_candidate_1500,real,images/real/5335d115d003dbdba4a58c9e52b05b09fae5703715321bcf5c98ec951a06160c.jpg,unassigned,42,human_train,lorenzo,80,42
56f1d36e4e3ea32d9bf32e67c0df3199e10eeb4d13559636c4b6866abe165990,ComplexDataLab/OpenFake,openfake_additional_900,fake,images/fake/56f1d36e4e3ea32d9bf32e67c0df3199e10eeb4d13559636c4b6866abe165990.png,unassigned,42,human_train,lorenzo,81,42
ff8f3d8daae076d6bf47870b598317a8d4b421e404d40c1087d945d45f0eeece,saberzl/SID_Set,sid_set_candidate_1500,real,images/real/ff8f3d8daae076d6bf47870b598317a8d4b421e404d40c1087d945d45f0eeece.jpg,unassigned,42,human_train,lorenzo,82,42
b99a4d8dcbab4de120fabe29606bc536fb7959a8d968fe9114a215d988af7d38,ComplexDataLab/OpenFake,openfake_additional_900,fake,images/fake/b99a4d8dcbab4de120fabe29606bc536fb7959a8d968fe9114a215d988af7d38.webp,unassigned,42,human_train,lorenzo,83,42
5bad4c24ed8c90de7b2c045687c44ed4e6f191055efa6c3e5b4e220a2a48d239,saberzl/SID_Set,sid_set_candidate_1500,fake,images/fake/5bad4c24ed8c90de7b2c045687c44ed4e6f191055efa6c3e5b4e220a2a48d239.png,unassigned,42,human_train,lorenzo,84,42
1c67d2e4b8d8502d8e3abd78b6637eba1b877d3e0badaed576f459fa873f1e90,ComplexDataLab/OpenFake,openfake_pilot_600,fake,images/fake/1c67d2e4b8d8502d8e3abd78b6637eba1b877d3e0badaed576f459fa873f1e90.png,unassigned,42,human_train,lorenzo,85,42
c5224d8826510a803826e9b3d994623f3905b28787a92a9d2ec47890d6595d61,saberzl/SID_Set,sid_set_candidate_1500,real,images/real/c5224d8826510a803826e9b3d994623f3905b28787a92a9d2ec47890d6595d61.jpg,unassigned,42,human_train,lorenzo,86,42
1dbb0316c9fdf94ae2b48543f4005940e52d5ad7dd8664a02c2294f1c5fd064a,ComplexDataLab/OpenFake,openfake_additional_900,fake,images/fake/1dbb0316c9fdf94ae2b48543f4005940e52d5ad7dd8664a02c2294f1c5fd064a.png,unassigned,42,human_train,lorenzo,87,42
3e43427faeafdfdf7a1c3abb382bc7c926339a997375512e4a4e9b46ca140c0c,ComplexDataLab/OpenFake,openfake_additional_900,fake,images/fake/3e43427faeafdfdf7a1c3abb382bc7c926339a997375512e4a4e9b46ca140c0c.png,unassigned,42,human_train,lorenzo,88,42
dbad08fd38392fc7900329c81f539852697567b1f60a1a98376f9bc504746fb0,saberzl/SID_Set,sid_set_candidate_1500,real,images/real/dbad08fd38392fc7900329c81f539852697567b1f60a1a98376f9bc504746fb0.jpg,unassigned,42,human_train,lorenzo,89,42
5bbd8d2bcb966f7aad8aa4d5cdbd5c257f964680977bc98836917c72a1057afa,ComplexDataLab/OpenFake,openfake_additional_900,real,images/real/5bbd8d2bcb966f7aad8aa4d5cdbd5c257f964680977bc98836917c72a1057afa.jpg,unassigned,42,human_train,lorenzo,90,42
103cbc081474f94f336384ed673d9f8f180bf0560ce17d66bdcf3c8adda6e603,ComplexDataLab/OpenFake,openfake_additional_900,real,images/real/103cbc081474f94f336384ed673d9f8f180bf0560ce17d66bdcf3c8adda6e603.jpg,unassigned,42,human_train,lorenzo,91,42
b5710e93f1bc7aeed4d711790bd1cd5939f33756ddc2eb17bc078a0095ab7425,ComplexDataLab/OpenFake,openfake_additional_900,real,images/real/b5710e93f1bc7aeed4d711790bd1cd5939f33756ddc2eb17bc078a0095ab7425.jpg,unassigned,42,human_train,lorenzo,92,42
c5fb2224ffc915d2b12fc044ebaf3e8dd52148cf5ce5e426df214c9b6596364f,ComplexDataLab/OpenFake,openfake_additional_900,real,images/real/c5fb2224ffc915d2b12fc044ebaf3e8dd52148cf5ce5e426df214c9b6596364f.jpg,unassigned,42,human_train,lorenzo,93,42
693ba2c39e5fe30924b39b31770a389ba5fe069bbefdcc89f8598cd0cdd91e91,saberzl/SID_Set,sid_set_candidate_1500,fake,images/fake/693ba2c39e5fe30924b39b31770a389ba5fe069bbefdcc89f8598cd0cdd91e91.png,unassigned,42,human_train,lorenzo,94,42
8b8a717bdbf96911f3868b8a2a61310b1f62dff6888f28f015f66e2f55dcfb1c,ComplexDataLab/OpenFake,openfake_additional_900,fake,images/fake/8b8a717bdbf96911f3868b8a2a61310b1f62dff6888f28f015f66e2f55dcfb1c.webp,unassigned,42,human_train,lorenzo,95,42
9a32e7a75568d5996555f668087e061713d1fa5e92113e450c8ec48c1d4f6e38,saberzl/SID_Set,sid_set_candidate_1500,real,images/real/9a32e7a75568d5996555f668087e061713d1fa5e92113e450c8ec48c1d4f6e38.jpg,unassigned,42,human_train,lorenzo,96,42
f654b2ff6fbc4af0a73385a8e0d9c3f4962cdfa44d57ddd23324e685bea800ad,ComplexDataLab/OpenFake,openfake_additional_900,fake,images/fake/f654b2ff6fbc4af0a73385a8e0d9c3f4962cdfa44d57ddd23324e685bea800ad.webp,unassigned,42,human_train,lorenzo,97,42
49de00b712948044a523daa78eba28ed3bbfff1029a89368fd1f0fc0014248ee,saberzl/SID_Set,sid_set_candidate_1500,fake,images/fake/49de00b712948044a523daa78eba28ed3bbfff1029a89368fd1f0fc0014248ee.png,unassigned,42,human_train,lorenzo,98,42
f86ef2949dcc58a6659ef4c08136853de3dc87c2e79314519acc3b28abe0ceb8,saberzl/SID_Set,sid_set_candidate_1500,real,images/real/f86ef2949dcc58a6659ef4c08136853de3dc87c2e79314519acc3b28abe0ceb8.jpg,unassigned,42,human_train,lorenzo,99,42
f3f29617a1b1ce4e37dccfcc24761fb9dbc7a15d75622ed552c27360d894e754,saberzl/SID_Set,sid_set_candidate_1500,fake,images/fake/f3f29617a1b1ce4e37dccfcc24761fb9dbc7a15d75622ed552c27360d894e754.png,unassigned,42,human_train,lorenzo,100,42
f340c67311643341beb4e1b8d223875c31b373bf27ab1bbc1f52acd969e4d0b6,saberzl/SID_Set,sid_set_candidate_1500,real,images/real/f340c67311643341beb4e1b8d223875c31b373bf27ab1bbc1f52acd969e4d0b6.jpg,unassigned,42,human_train,sara,1,42
e5f55ef6b86b20d493f1523d83ffa07cf74e5e1d2ae8f7015ec289d6320247da,saberzl/SID_Set,sid_set_candidate_1500,fake,images/fake/e5f55ef6b86b20d493f1523d83ffa07cf74e5e1d2ae8f7015ec289d6320247da.png,unassigned,42,human_train,sara,2,42
79aa2794c596a45a4ed7988cab59d03a66b44dea0129a2e8c45b97f5921be136,ComplexDataLab/OpenFake,openfake_pilot_600,real,images/real/79aa2794c596a45a4ed7988cab59d03a66b44dea0129a2e8c45b97f5921be136.jpg,unassigned,42,human_train,sara,3,42
c8e311ffc8f1f49ab711b2fc77d4d10501bcd8e3238cc67227022bac944b125d,saberzl/SID_Set,sid_set_candidate_1500,fake,images/fake/c8e311ffc8f1f49ab711b2fc77d4d10501bcd8e3238cc67227022bac944b125d.png,unassigned,42,human_train,sara,4,42
40b6fa533d8a7e74194fb49e0e1ac0bd068454e3bc9b847e35a57c24913ca6e8,ComplexDataLab/OpenFake,openfake_additional_900,real,images/real/40b6fa533d8a7e74194fb49e0e1ac0bd068454e3bc9b847e35a57c24913ca6e8.jpg,unassigned,42,human_train,sara,5,42
a212bf21501e0e1c84162c4c44b22fbddf332b2152b37f76f9f56c6bee56eba0,saberzl/SID_Set,sid_set_candidate_1500,fake,images/fake/a212bf21501e0e1c84162c4c44b22fbddf332b2152b37f76f9f56c6bee56eba0.png,unassigned,42,human_train,sara,6,42
4cd4df40fab1ead22ed12490f6641be1f1d1fad8e2fff1ef40226ad14d19e115,ComplexDataLab/OpenFake,openfake_additional_900,real,images/real/4cd4df40fab1ead22ed12490f6641be1f1d1fad8e2fff1ef40226ad14d19e115.jpg,unassigned,42,human_train,sara,7,42
8c41762f17b8b4887f4211b66823ddf8a04fdc538ca2ae6841163b96002d3b47,ComplexDataLab/OpenFake,openfake_pilot_600,fake,images/fake/8c41762f17b8b4887f4211b66823ddf8a04fdc538ca2ae6841163b96002d3b47.png,unassigned,42,human_train,sara,8,42
63d2dfe772f2266863c7b943c781ba67154e71b40c91568a275417947f8ead18,saberzl/SID_Set,sid_set_candidate_1500,fake,images/fake/63d2dfe772f2266863c7b943c781ba67154e71b40c91568a275417947f8ead18.png,unassigned,42,human_train,sara,9,42
cd1f1c6ff98f1f6c7b97c0b1c1f41c59fb24d06b847b33bbd8da069c4bb27935,ComplexDataLab/OpenFake,openfake_pilot_600,real,images/real/cd1f1c6ff98f1f6c7b97c0b1c1f41c59fb24d06b847b33bbd8da069c4bb27935.jpg,unassigned,42,human_train,sara,10,42
12bd4b31dd75102e4a975fb4e0d3c7709590f8d614c4b2f8b96e68014490fbbe,ComplexDataLab/OpenFake,openfake_additional_900,real,images/real/12bd4b31dd75102e4a975fb4e0d3c7709590f8d614c4b2f8b96e68014490fbbe.jpg,unassigned,42,human_train,sara,11,42
097db96da5fdf9ac982d53e86e135f7353040781242b5bbdfd762091e6db94b8,ComplexDataLab/OpenFake,openfake_pilot_600,fake,images/fake/097db96da5fdf9ac982d53e86e135f7353040781242b5bbdfd762091e6db94b8.png,unassigned,42,human_train,sara,12,42
1a8d02901738183f57a59a686fb847bcb003d46de5fd2fbf10ce889898f0d9b0,saberzl/SID_Set,sid_set_candidate_1500,real,images/real/1a8d02901738183f57a59a686fb847bcb003d46de5fd2fbf10ce889898f0d9b0.jpg,unassigned,42,human_train,sara,13,42
7c2d679e29d758accffaedc9a632ccb8750a83adbb8a32cb32080ab5e77d833d,ComplexDataLab/OpenFake,openfake_additional_900,real,images/real/7c2d679e29d758accffaedc9a632ccb8750a83adbb8a32cb32080ab5e77d833d.jpg,unassigned,42,human_train,sara,14,42
bd9a1cac342380dd2b2c2c0a8d63c67fdbc13951960a98c5803676d194ba1905,saberzl/SID_Set,sid_set_candidate_1500,real,images/real/bd9a1cac342380dd2b2c2c0a8d63c67fdbc13951960a98c5803676d194ba1905.jpg,unassigned,42,human_train,sara,15,42
c7fb8de52497a2e1a197583305168c70736bad1b28b08688216581ada130e336,ComplexDataLab/OpenFake,openfake_additional_900,real,images/real/c7fb8de52497a2e1a197583305168c70736bad1b28b08688216581ada130e336.jpg,unassigned,42,human_train,sara,16,42
dcc1f92c50deced95bc0f18f66a9b4c3c532c0de1c950499c4059754e86e81ea,saberzl/SID_Set,sid_set_candidate_1500,real,images/real/dcc1f92c50deced95bc0f18f66a9b4c3c532c0de1c950499c4059754e86e81ea.jpg,unassigned,42,human_train,sara,17,42
045fc1c8fe52d12262dde8c3933400944984610a76683bd538f5839a14309555,ComplexDataLab/OpenFake,openfake_pilot_600,fake,images/fake/045fc1c8fe52d12262dde8c3933400944984610a76683bd538f5839a14309555.png,unassigned,42,human_train,sara,18,42
3f9bb03f34139295fb7f248e10acc18cff44a6a4100454c5f8b291664080fb0e,ComplexDataLab/OpenFake,openfake_additional_900,real,images/real/3f9bb03f34139295fb7f248e10acc18cff44a6a4100454c5f8b291664080fb0e.jpg,unassigned,42,human_train,sara,19,42
8a13deeb4806758795018513693acc8fefd8492698b4b2a531d9f112863c4175,ComplexDataLab/OpenFake,openfake_additional_900,real,images/real/8a13deeb4806758795018513693acc8fefd8492698b4b2a531d9f112863c4175.jpg,unassigned,42,human_train,sara,20,42
f41bca5c5fe8d055261c9c0d23bb989f1a3a57ba70bc73a24417b223dcd79090,saberzl/SID_Set,sid_set_candidate_1500,real,images/real/f41bca5c5fe8d055261c9c0d23bb989f1a3a57ba70bc73a24417b223dcd79090.jpg,unassigned,42,human_train,sara,21,42
98873b22b0d43aeb75b3ed110eedc887fdc706138cb28c6a986285d8cbb3328e,saberzl/SID_Set,sid_set_candidate_1500,real,images/real/98873b22b0d43aeb75b3ed110eedc887fdc706138cb28c6a986285d8cbb3328e.jpg,unassigned,42,human_train,sara,22,42
af3a266205489d1d0093c5d4713a9851ad6e2b321b1c991abb11472143b05db4,ComplexDataLab/OpenFake,openfake_pilot_600,fake,images/fake/af3a266205489d1d0093c5d4713a9851ad6e2b321b1c991abb11472143b05db4.png,unassigned,42,human_train,sara,23,42
b5cf5c428bee66b49c5f8f3d77ba95cb7f385b1fb3252bffa8581d735a1f1563,saberzl/SID_Set,sid_set_candidate_1500,fake,images/fake/b5cf5c428bee66b49c5f8f3d77ba95cb7f385b1fb3252bffa8581d735a1f1563.png,unassigned,42,human_train,sara,24,42
f62a81375856d7937de5f10f77fb2e2ff2f79ad5425bb09b7cc190846fc67fa3,saberzl/SID_Set,sid_set_candidate_1500,fake,images/fake/f62a81375856d7937de5f10f77fb2e2ff2f79ad5425bb09b7cc190846fc67fa3.png,unassigned,42,human_train,sara,25,42
f16e86b8d3f99d67e4d16e584519e1b0f16cba06e7b9f9ebaaa762c6c94e866e,saberzl/SID_Set,sid_set_candidate_1500,real,images/real/f16e86b8d3f99d67e4d16e584519e1b0f16cba06e7b9f9ebaaa762c6c94e866e.jpg,unassigned,42,human_train,sara,26,42
0b70504b4786fc7ec65c05711e8438375d5cccc6c21c352ed613e4b521b735fe,ComplexDataLab/OpenFake,openfake_pilot_600,fake,images/fake/0b70504b4786fc7ec65c05711e8438375d5cccc6c21c352ed613e4b521b735fe.png,unassigned,42,human_train,sara,27,42
c3faa2d56cbdebaebe35236723893398cdb3f7ebed2e55b0d1e35ef601ef8b6f,ComplexDataLab/OpenFake,openfake_additional_900,real,images/real/c3faa2d56cbdebaebe35236723893398cdb3f7ebed2e55b0d1e35ef601ef8b6f.jpg,unassigned,42,human_train,sara,28,42
c9b2ac5127dbd56494e84850d3dc58fa9310669fd40bdef7783f189db450e741,saberzl/SID_Set,sid_set_candidate_1500,fake,images/fake/c9b2ac5127dbd56494e84850d3dc58fa9310669fd40bdef7783f189db450e741.png,unassigned,42,human_train,sara,29,42
bc8eed041ec1682b6835168b0f0dc51a2f2a334bcbd912de98a55eedc7fe598a,ComplexDataLab/OpenFake,openfake_additional_900,fake,images/fake/bc8eed041ec1682b6835168b0f0dc51a2f2a334bcbd912de98a55eedc7fe598a.png,unassigned,42,human_train,sara,30,42
0b760c4b24ae68818da9c0fb756ce5ebc7a8845d65b8966b86e16b5d43e37324,saberzl/SID_Set,sid_set_candidate_1500,real,images/real/0b760c4b24ae68818da9c0fb756ce5ebc7a8845d65b8966b86e16b5d43e37324.jpg,unassigned,42,human_train,sara,31,42
84ca0dfbdfb307ed6fb8ae5416ece412e94c628efc7af63e18dd8d0d12116288,ComplexDataLab/OpenFake,openfake_pilot_600,fake,images/fake/84ca0dfbdfb307ed6fb8ae5416ece412e94c628efc7af63e18dd8d0d12116288.png,unassigned,42,human_train,sara,32,42
37caed36371bdc48c09399735739eaeb37eef0f98e5c2551352bc03472caaa00,saberzl/SID_Set,sid_set_candidate_1500,fake,images/fake/37caed36371bdc48c09399735739eaeb37eef0f98e5c2551352bc03472caaa00.png,unassigned,42,human_train,sara,33,42
4d3b8a5c313bdb9e26796203d3dd386a85dadfc6c20cef7a6164fe13e4cae359,saberzl/SID_Set,sid_set_candidate_1500,fake,images/fake/4d3b8a5c313bdb9e26796203d3dd386a85dadfc6c20cef7a6164fe13e4cae359.png,unassigned,42,human_train,sara,34,42
e015c35145b8a33c602e0786b2b08df2fd7e1489566a17618c57b39c5dbdaae6,saberzl/SID_Set,sid_set_candidate_1500,real,images/real/e015c35145b8a33c602e0786b2b08df2fd7e1489566a17618c57b39c5dbdaae6.jpg,unassigned,42,human_train,sara,35,42
281e02921d20ad0f013239909818ebb00da14d01a382fab61a7b4f10227aab5b,saberzl/SID_Set,sid_set_candidate_1500,real,images/real/281e02921d20ad0f013239909818ebb00da14d01a382fab61a7b4f10227aab5b.jpg,unassigned,42,human_train,sara,36,42
6b544cb858e7eb367417f4d4989f0c8b1e77f688751d78a5ecc42ec42b070409,saberzl/SID_Set,sid_set_candidate_1500,fake,images/fake/6b544cb858e7eb367417f4d4989f0c8b1e77f688751d78a5ecc42ec42b070409.png,unassigned,42,human_train,sara,37,42
3e460e4bf2c751320ed902d6b6eec7c3d2aa9c54fdb211ec9f22351054b760dc,ComplexDataLab/OpenFake,openfake_additional_900,fake,images/fake/3e460e4bf2c751320ed902d6b6eec7c3d2aa9c54fdb211ec9f22351054b760dc.png,unassigned,42,human_train,sara,38,42
fcb71b118776df3cca275fc29a0999976b6f7b89857971f0ff835723d53890c4,ComplexDataLab/OpenFake,openfake_pilot_600,fake,images/fake/fcb71b118776df3cca275fc29a0999976b6f7b89857971f0ff835723d53890c4.png,unassigned,42,human_train,sara,39,42
961c38035dd85083137607376be1546ed8fb6d3a0446ef99bcc7445c02ec522d,ComplexDataLab/OpenFake,openfake_pilot_600,real,images/real/961c38035dd85083137607376be1546ed8fb6d3a0446ef99bcc7445c02ec522d.jpg,unassigned,42,human_train,sara,40,42
861d97af00b1546ebf5d03e6dc8c7f85dfbfaa759f428d997d66b24abe3d1ec1,ComplexDataLab/OpenFake,openfake_additional_900,real,images/real/861d97af00b1546ebf5d03e6dc8c7f85dfbfaa759f428d997d66b24abe3d1ec1.jpg,unassigned,42,human_train,sara,41,42
727dd53588295e102f4b493b9381fb05268c52ac225be618d46f2c18a6c47980,saberzl/SID_Set,sid_set_candidate_1500,fake,images/fake/727dd53588295e102f4b493b9381fb05268c52ac225be618d46f2c18a6c47980.png,unassigned,42,human_train,sara,42,42
2f7c27920584d66703b0b302e3a6e3b5be13339bddf6c606ba2390a3d86bae8a,ComplexDataLab/OpenFake,openfake_additional_900,real,images/real/2f7c27920584d66703b0b302e3a6e3b5be13339bddf6c606ba2390a3d86bae8a.jpg,unassigned,42,human_train,sara,43,42
8f0802b333d71f75a4c17550ddb522912266f7de20bf524a2b4c148d89fcdf8f,ComplexDataLab/OpenFake,openfake_additional_900,fake,images/fake/8f0802b333d71f75a4c17550ddb522912266f7de20bf524a2b4c148d89fcdf8f.png,unassigned,42,human_train,sara,44,42
eeb868b50484439724eacb8464b52adbfbf56350ced3d25bb3fc87c19b312aa9,ComplexDataLab/OpenFake,openfake_pilot_600,real,images/real/eeb868b50484439724eacb8464b52adbfbf56350ced3d25bb3fc87c19b312aa9.jpg,unassigned,42,human_train,sara,45,42
2fe3883bbe00030fd767436de847d1acdce36792aaf6cd0fbb054e1b72689b41,ComplexDataLab/OpenFake,openfake_additional_900,fake,images/fake/2fe3883bbe00030fd767436de847d1acdce36792aaf6cd0fbb054e1b72689b41.png,unassigned,42,human_train,sara,46,42
9a24202cfae405b57daadfead4da7736534d1af4126a0d6c73e1be6a4aa5480b,ComplexDataLab/OpenFake,openfake_additional_900,fake,images/fake/9a24202cfae405b57daadfead4da7736534d1af4126a0d6c73e1be6a4aa5480b.png,unassigned,42,human_train,sara,47,42
5da4ef2b94390dafa65b7e3d5a763cdc042cf28a8cf9a00f5fe470bd9c569d2f,saberzl/SID_Set,sid_set_candidate_1500,real,images/real/5da4ef2b94390dafa65b7e3d5a763cdc042cf28a8cf9a00f5fe470bd9c569d2f.jpg,unassigned,42,human_train,sara,48,42
a1c196021589074be4c3d7c1521343334ca04c422058c4747712943612ca58a4,ComplexDataLab/OpenFake,openfake_additional_900,fake,images/fake/a1c196021589074be4c3d7c1521343334ca04c422058c4747712943612ca58a4.png,unassigned,42,human_train,sara,49,42
20cf6b08c79a9bb48af20a7420430001d1f9fcb8709449be4c4b42d0e1d8e112,saberzl/SID_Set,sid_set_candidate_1500,fake,images/fake/20cf6b08c79a9bb48af20a7420430001d1f9fcb8709449be4c4b42d0e1d8e112.png,unassigned,42,human_train,sara,50,42
4bf38b511c3f62c70f7f533b687b15a426160a5a21f4f2ca8755e0875b728ada,saberzl/SID_Set,sid_set_candidate_1500,real,images/real/4bf38b511c3f62c70f7f533b687b15a426160a5a21f4f2ca8755e0875b728ada.jpg,unassigned,42,human_train,sara,51,42
bfc5ed7f21248dd3a2e3fe1386b83630348ebbaf83c350772b1ae1301e78225f,ComplexDataLab/OpenFake,openfake_additional_900,fake,images/fake/bfc5ed7f21248dd3a2e3fe1386b83630348ebbaf83c350772b1ae1301e78225f.png,unassigned,42,human_train,sara,52,42
7526b7cc75a534b8fd7eaef239d2b051892b9d90738b45eb7f4fe7e8513d27a9,ComplexDataLab/OpenFake,openfake_additional_900,fake,images/fake/7526b7cc75a534b8fd7eaef239d2b051892b9d90738b45eb7f4fe7e8513d27a9.png,unassigned,42,human_train,sara,53,42
16afbb9890ffb91a0e7dd9ef2e10080040d48f9c401f76862d00a96192afa737,ComplexDataLab/OpenFake,openfake_pilot_600,real,images/real/16afbb9890ffb91a0e7dd9ef2e10080040d48f9c401f76862d00a96192afa737.jpg,unassigned,42,human_train,sara,54,42
ba81dcda51ba351cc99b5d14b2ab9b84e83372869268a1738b84bf9fb4974455,ComplexDataLab/OpenFake,openfake_additional_900,fake,images/fake/ba81dcda51ba351cc99b5d14b2ab9b84e83372869268a1738b84bf9fb4974455.png,unassigned,42,human_train,sara,55,42
04ca52d8dc4cdf229af48394be5a3fee6ac0c6fe8a3e290df815e91be8de2814,saberzl/SID_Set,sid_set_candidate_1500,fake,images/fake/04ca52d8dc4cdf229af48394be5a3fee6ac0c6fe8a3e290df815e91be8de2814.png,unassigned,42,human_train,sara,56,42
6a38965d7ba54be6ed4be5b544918a37280a7469e4b87b75f1ebe6d554d9ffda,ComplexDataLab/OpenFake,openfake_additional_900,real,images/real/6a38965d7ba54be6ed4be5b544918a37280a7469e4b87b75f1ebe6d554d9ffda.jpg,unassigned,42,human_train,sara,57,42
a590a0d5e98e886fbf1daa2ce4de18c2aeafd0ae24c8b4a4cbd02d2d3977b80c,ComplexDataLab/OpenFake,openfake_additional_900,real,images/real/a590a0d5e98e886fbf1daa2ce4de18c2aeafd0ae24c8b4a4cbd02d2d3977b80c.jpg,unassigned,42,human_train,sara,58,42
5077bbe2ff6cdbd89bded7a0ef1ac451c6e90f11e80de0001811a06c9f970eec,saberzl/SID_Set,sid_set_candidate_1500,fake,images/fake/5077bbe2ff6cdbd89bded7a0ef1ac451c6e90f11e80de0001811a06c9f970eec.png,unassigned,42,human_train,sara,59,42
1fb6cab0fbcc6d47276a70ab57244452848733f6e2159bef8fffe04cf67720a4,saberzl/SID_Set,sid_set_candidate_1500,fake,images/fake/1fb6cab0fbcc6d47276a70ab57244452848733f6e2159bef8fffe04cf67720a4.png,unassigned,42,human_train,sara,60,42
0cc747e95710a543f2fb2ec0ee0603aadd290997e1b7e2e9fe2717f66bb4b826,ComplexDataLab/OpenFake,openfake_pilot_600,fake,images/fake/0cc747e95710a543f2fb2ec0ee0603aadd290997e1b7e2e9fe2717f66bb4b826.jpg,unassigned,42,human_train,sara,61,42
1b9848f4050f057ec149a26537531451100dbc5cc9a7a55367da05ec4c5bde26,ComplexDataLab/OpenFake,openfake_additional_900,fake,images/fake/1b9848f4050f057ec149a26537531451100dbc5cc9a7a55367da05ec4c5bde26.jpg,unassigned,42,human_train,sara,62,42
81ccccfcdaae9e42343367ab91c537c7e9b96e0075869fcdb4d8392d8aee3a64,saberzl/SID_Set,sid_set_candidate_1500,real,images/real/81ccccfcdaae9e42343367ab91c537c7e9b96e0075869fcdb4d8392d8aee3a64.jpg,unassigned,42,human_train,sara,63,42
75aafe072ef9cb3cf54dc5d16d5c156b6a58895316972f4df8418ecf1eade992,ComplexDataLab/OpenFake,openfake_additional_900,fake,images/fake/75aafe072ef9cb3cf54dc5d16d5c156b6a58895316972f4df8418ecf1eade992.png,unassigned,42,human_train,sara,64,42
2e060d486cccb9f6226a5a7aaad48e2e502dd27699afac8c74a07a03feca643d,saberzl/SID_Set,sid_set_candidate_1500,real,images/real/2e060d486cccb9f6226a5a7aaad48e2e502dd27699afac8c74a07a03feca643d.jpg,unassigned,42,human_train,sara,65,42
2812f3d602031ec9e018f1a2118d18f7549a23cac91c8208ff3b6016459f2d03,ComplexDataLab/OpenFake,openfake_additional_900,real,images/real/2812f3d602031ec9e018f1a2118d18f7549a23cac91c8208ff3b6016459f2d03.jpg,unassigned,42,human_train,sara,66,42
9d684d08b6dcede6281b9eca29daf5502ffa70d2ebeff6502ee80fb3464dc0ce,ComplexDataLab/OpenFake,openfake_additional_900,real,images/real/9d684d08b6dcede6281b9eca29daf5502ffa70d2ebeff6502ee80fb3464dc0ce.jpg,unassigned,42,human_train,sara,67,42
6b3c4dfb860a050748c40524258998b7e96b7e458f87092af8806663d69575bb,saberzl/SID_Set,sid_set_candidate_1500,fake,images/fake/6b3c4dfb860a050748c40524258998b7e96b7e458f87092af8806663d69575bb.png,unassigned,42,human_train,sara,68,42
a20b1a2205a4f536e7524d5bbad9abac460531164877c4f5f6cbf0c73f62e1b0,saberzl/SID_Set,sid_set_candidate_1500,fake,images/fake/a20b1a2205a4f536e7524d5bbad9abac460531164877c4f5f6cbf0c73f62e1b0.png,unassigned,42,human_train,sara,69,42
24d498d3de2afbd47c2589fdcf13036be6856aeac0cc7ca6d395f9d6cf07d56a,saberzl/SID_Set,sid_set_candidate_1500,real,images/real/24d498d3de2afbd47c2589fdcf13036be6856aeac0cc7ca6d395f9d6cf07d56a.jpg,unassigned,42,human_train,sara,70,42
54829ca0a6de394d2b1c3220e69a9ee6ab9cc47cb5744d61c5199a7801d6a171,ComplexDataLab/OpenFake,openfake_pilot_600,fake,images/fake/54829ca0a6de394d2b1c3220e69a9ee6ab9cc47cb5744d61c5199a7801d6a171.webp,unassigned,42,human_train,sara,71,42
100c0389ea0e51c9d0d1e951c7b0e2495b5ed707ae65f135b96ef518d3f352c3,ComplexDataLab/OpenFake,openfake_pilot_600,fake,images/fake/100c0389ea0e51c9d0d1e951c7b0e2495b5ed707ae65f135b96ef518d3f352c3.png,unassigned,42,human_train,sara,72,42
2db98325232bb7d6cf4f996a8ca09365ddd8052a76f7fc1fe1bf7c6c47588201,ComplexDataLab/OpenFake,openfake_pilot_600,fake,images/fake/2db98325232bb7d6cf4f996a8ca09365ddd8052a76f7fc1fe1bf7c6c47588201.png,unassigned,42,human_train,sara,73,42
8440371e97749c3ddc3c84c3b361a0f9e4c9dc9399f0667939f7b567826ba248,ComplexDataLab/OpenFake,openfake_additional_900,fake,images/fake/8440371e97749c3ddc3c84c3b361a0f9e4c9dc9399f0667939f7b567826ba248.png,unassigned,42,human_train,sara,74,42
3803e149d44a82a78efbbd96fd67e7c8293627a89898337312c742ef5fbf5ef0,ComplexDataLab/OpenFake,openfake_additional_900,real,images/real/3803e149d44a82a78efbbd96fd67e7c8293627a89898337312c742ef5fbf5ef0.jpg,unassigned,42,human_train,sara,75,42
28f5b2776caf577799ef4726f9498923bad0096613007a1f06011495c528617e,saberzl/SID_Set,sid_set_candidate_1500,fake,images/fake/28f5b2776caf577799ef4726f9498923bad0096613007a1f06011495c528617e.png,unassigned,42,human_train,sara,76,42
ec786aed6b5c68e840686929e92b21ce92f76c42bd8fbaea02b269cd3c89302d,ComplexDataLab/OpenFake,openfake_additional_900,fake,images/fake/ec786aed6b5c68e840686929e92b21ce92f76c42bd8fbaea02b269cd3c89302d.png,unassigned,42,human_train,sara,77,42
e7a47f8237030d196b002bb73670edaf3c085f60e1d1a4dc926f222c38423aa1,saberzl/SID_Set,sid_set_candidate_1500,fake,images/fake/e7a47f8237030d196b002bb73670edaf3c085f60e1d1a4dc926f222c38423aa1.png,unassigned,42,human_train,sara,78,42
c7f48c001248fdf39e471f051de245b8c6580c57b4c6f9f69853e99000e51306,saberzl/SID_Set,sid_set_candidate_1500,real,images/real/c7f48c001248fdf39e471f051de245b8c6580c57b4c6f9f69853e99000e51306.jpg,unassigned,42,human_train,sara,79,42
fddcf3890715d7488c6442cc41ecce8be3136d1445432e699aeddc17ba9ff9f2,ComplexDataLab/OpenFake,openfake_additional_900,real,images/real/fddcf3890715d7488c6442cc41ecce8be3136d1445432e699aeddc17ba9ff9f2.jpg,unassigned,42,human_train,sara,80,42
37a97dbde990ab7d8a069d5d5948a739442a5f6a8a4b7a3469e07b44169777a7,saberzl/SID_Set,sid_set_candidate_1500,real,images/real/37a97dbde990ab7d8a069d5d5948a739442a5f6a8a4b7a3469e07b44169777a7.jpg,unassigned,42,human_train,sara,81,42
f18656546ec74b14d90f273bed454a4913830795eaa857eec9f679ed55714fe3,ComplexDataLab/OpenFake,openfake_pilot_600,real,images/real/f18656546ec74b14d90f273bed454a4913830795eaa857eec9f679ed55714fe3.jpg,unassigned,42,human_train,sara,82,42
493e7d380af21afff596672dce5c3dd5a60efec2d2a06583ce35a9747666eca2,saberzl/SID_Set,sid_set_candidate_1500,real,images/real/493e7d380af21afff596672dce5c3dd5a60efec2d2a06583ce35a9747666eca2.jpg,unassigned,42,human_train,sara,83,42
f19b1c24e3bddd20cf978395e030b2fae17ece9bb4a40e5bef76ede2b238e9c1,ComplexDataLab/OpenFake,openfake_additional_900,real,images/real/f19b1c24e3bddd20cf978395e030b2fae17ece9bb4a40e5bef76ede2b238e9c1.jpg,unassigned,42,human_train,sara,84,42
2fd7dfeae360c67b95d7a9982208c144694ed52458bf7b75efc49252daf31c80,saberzl/SID_Set,sid_set_candidate_1500,fake,images/fake/2fd7dfeae360c67b95d7a9982208c144694ed52458bf7b75efc49252daf31c80.png,unassigned,42,human_train,sara,85,42
c77213925eb4626576a49406ab42749261b81c04b67d40dd78dc0dac24d2c643,ComplexDataLab/OpenFake,openfake_pilot_600,fake,images/fake/c77213925eb4626576a49406ab42749261b81c04b67d40dd78dc0dac24d2c643.png,unassigned,42,human_train,sara,86,42
e1ec95025f09d918f352446d501a64a2d1a07a1a4a883c4c0a682612c173ce10,saberzl/SID_Set,sid_set_candidate_1500,real,images/real/e1ec95025f09d918f352446d501a64a2d1a07a1a4a883c4c0a682612c173ce10.jpg,unassigned,42,human_train,sara,87,42
851d83722549bc78e32c2cef8870777e338e7e80ae1aaef7b84a62a5131d262a,ComplexDataLab/OpenFake,openfake_additional_900,real,images/real/851d83722549bc78e32c2cef8870777e338e7e80ae1aaef7b84a62a5131d262a.webp,unassigned,42,human_train,sara,88,42
65dd5ce1b90f73808f8b19456d70aa35b95eef26d213b34cee35cfa3f74ffcd6,saberzl/SID_Set,sid_set_candidate_1500,real,images/real/65dd5ce1b90f73808f8b19456d70aa35b95eef26d213b34cee35cfa3f74ffcd6.jpg,unassigned,42,human_train,sara,89,42
7c8167afdd57fa6021a7b58d6782acce1bd63b8ddd3bfa218dd81c1b3caf16fc,saberzl/SID_Set,sid_set_candidate_1500,real,images/real/7c8167afdd57fa6021a7b58d6782acce1bd63b8ddd3bfa218dd81c1b3caf16fc.jpg,unassigned,42,human_train,sara,90,42
15530980a71e3bca66d0c6931eec1eb7cf82ad82bf182418eaaa2df450bb081a,saberzl/SID_Set,sid_set_candidate_1500,fake,images/fake/15530980a71e3bca66d0c6931eec1eb7cf82ad82bf182418eaaa2df450bb081a.png,unassigned,42,human_train,sara,91,42
e1571cbce847ae739a5829d8d4714a796e64f0bb008864e4184e0f391e270b87,saberzl/SID_Set,sid_set_candidate_1500,fake,images/fake/e1571cbce847ae739a5829d8d4714a796e64f0bb008864e4184e0f391e270b87.png,unassigned,42,human_train,sara,92,42
74198b8fa4109520ef64b8a68f3c5685ac29685c59e16541b7dd18acacc53b9e,saberzl/SID_Set,sid_set_candidate_1500,real,images/real/74198b8fa4109520ef64b8a68f3c5685ac29685c59e16541b7dd18acacc53b9e.jpg,unassigned,42,human_train,sara,93,42
c928c6fa5ba42d0f1d7d65f7f95ebd23ae3835a597a90371c7e8b28518ba74b5,saberzl/SID_Set,sid_set_candidate_1500,fake,images/fake/c928c6fa5ba42d0f1d7d65f7f95ebd23ae3835a597a90371c7e8b28518ba74b5.png,unassigned,42,human_train,sara,94,42
8f62aa7a154463e499c1c8dc87b6fb3b47be455523fefa660b9aa6bf10a4bdfa,saberzl/SID_Set,sid_set_candidate_1500,fake,images/fake/8f62aa7a154463e499c1c8dc87b6fb3b47be455523fefa660b9aa6bf10a4bdfa.png,unassigned,42,human_train,sara,95,42
cccd278ddeab436195b4082d44161517c78b41724a32efa0377dee6ae79e7e3d,ComplexDataLab/OpenFake,openfake_pilot_600,real,images/real/cccd278ddeab436195b4082d44161517c78b41724a32efa0377dee6ae79e7e3d.jpg,unassigned,42,human_train,sara,96,42
27dd2e18e8f1b1581c6fe5442368cec27738923f12cb891af27acda9d5d95d51,saberzl/SID_Set,sid_set_candidate_1500,fake,images/fake/27dd2e18e8f1b1581c6fe5442368cec27738923f12cb891af27acda9d5d95d51.png,unassigned,42,human_train,sara,97,42
6fb7195d5a54bba2928a575369ec5d2b29fa14e128eed97dd03213138613b66d,saberzl/SID_Set,sid_set_candidate_1500,real,images/real/6fb7195d5a54bba2928a575369ec5d2b29fa14e128eed97dd03213138613b66d.jpg,unassigned,42,human_train,sara,98,42
19acabba6a6c886cf0bf07d27a22c770163b240d9a989c9649f17762d228503a,saberzl/SID_Set,sid_set_candidate_1500,real,images/real/19acabba6a6c886cf0bf07d27a22c770163b240d9a989c9649f17762d228503a.jpg,unassigned,42,human_train,sara,99,42
e0b4db02808cedaf5415fb5b48096e4204ae22889d0da00a91e4b65e56fcfa05,saberzl/SID_Set,sid_set_candidate_1500,real,images/real/e0b4db02808cedaf5415fb5b48096e4204ae22889d0da00a91e4b65e56fcfa05.jpg,unassigned,42,human_train,sara,100,42
