content_hash,image_path,sensitivity_level,label,probability_fake
039c6a10e9760ad25aee5291f61c34588f938d3a57b0d1edd7101837e37dc18d,data/datasets/RRDataset/selection_1500/lorenzo/ai/War_&_Conflict_Scenes_000523.png,high,1,0.7378768920898438
03fea5da992e31226d60b47fabc9099bb9150804e563b7a5d1bf1a970acaecdc,data/datasets/RRDataset/selection_1500/giovanni/ai/War_&_Conflict_Scenes_000724.png,high,1,0.9774754047393799
05622c361cd2560c875a1395e127903ef94f3d757355e8f4653a67f6e8bf3b6a,data/datasets/RRDataset/selection_1500/sara/real/real_002398.jpg,high,0,0.7269667387008667
068db8c05195270f3286986a368a5bef069e41717bf99415e460f5ed6e3ca84b,data/datasets/RRDataset/selection_1500/sara/ai/War_&_Conflict_Scenes_000867.png,high,1,0.9840500950813293
07d4b1e531c83a33816dda5fb4c631c5f27d80bde8970fd35fba8d72ae7074d8,data/datasets/openfake/pilot-600/images/real/07d4b1e531c83a33816dda5fb4c631c5f27d80bde8970fd35fba8d72ae7074d8.jpg,high,0,0.7870898246765137
07eeb2f407ebff2653f8e581286a656ede979cf97b8a0c4f1be689bc88e4756c,data/datasets/RRDataset/selection_1500/lorenzo/ai/Political_&_Social_Events_000432.png,high,1,0.9654862284660339
09a2ec7304869e844a671161cf44a987c6a33f91b4e2cd92a9eebb982326cd0f,data/datasets/RRDataset/selection_1500/lorenzo/ai/War_&_Conflict_Scenes_000337.png,high,1,0.8656410574913025
0adeda896144232fcedede0b977e248f1cbbca50c2d3afeec7110c9e972cb84d,data/datasets/RRDataset/selection_1500/sara/ai/War_&_Conflict_Scenes_000718.png,high,1,0.9903379678726196
0bacb3b70b4c94da9c0e62827e200dbe1a58e095787ce4a3bd82db25e1c32b33,data/datasets/sid-set/candidate-1500/images/real/0bacb3b70b4c94da9c0e62827e200dbe1a58e095787ce4a3bd82db25e1c32b33.jpg,high,0,0.4045338034629822
0e5ba798bf9da944aaa7d06a54b36814bec1223c41aa60e1716d5c1f4f148ed7,data/datasets/sid-set/candidate-1500/images/fake/0e5ba798bf9da944aaa7d06a54b36814bec1223c41aa60e1716d5c1f4f148ed7.png,high,1,0.9645872116088867
10ade2ca695b42527103f8f79815bb3b9de805bb2451d76d039f30c5d7593424,data/datasets/RRDataset/selection_1500/lorenzo/ai/War_&_Conflict_Scenes_000855.png,high,1,0.9824445843696594
113f795aaf262c182e4e780bfdc398fbd85ad9168e26a9f35f7de67f4760b887,data/datasets/RRDataset/selection_1500/giovanni/ai/Culture_&_Religion_000937.png,high,1,0.9983450174331665
117e42fa351f1cf0d260521fbce2307db7093cb73b497ed9364c71e9222ade3b,data/datasets/openfake/additional-900/images/real/117e42fa351f1cf0d260521fbce2307db7093cb73b497ed9364c71e9222ade3b.jpg,high,0,0.022946197539567947
1202c6ac23afd4e543149bbaa8624af3799aac9875b725b2323a2ef4c224a332,data/datasets/RRDataset/selection_1500/lorenzo/ai/Natural_Disasters_&_Accidents_000029.png,high,1,0.9934307932853699
125bcd2065702fc5f67aec337894776d51083a2ccceddc7197c9234b3d49e108,data/datasets/RRDataset/selection_1500/sara/ai/War_&_Conflict_Scenes_000212.png,high,1,0.9636842012405396
1290f01483406bc80be692f0fa10aeb1989c29e063c234f29095f39e208b7ca1,data/datasets/RRDataset/selection_1500/giovanni/ai/War_&_Conflict_Scenes_000939.png,high,1,0.8677912354469299
13b7f2b97efa0967297328c662b99d1efcd7de62623b45e21a62a0cce802ff14,data/datasets/openfake/pilot-600/images/fake/13b7f2b97efa0967297328c662b99d1efcd7de62623b45e21a62a0cce802ff14.png,high,1,0.9972521662712097
14cb61472007671f150ef1f7d9d1b5449344eed3f11cbe23eb0fb4b905fc103e,data/datasets/RRDataset/selection_1500/giovanni/ai/War_&_Conflict_Scenes_000382.png,high,1,0.9456176161766052
15018cefbb446f63493e6520460bc42bc1e23085b805fff7199a262ea706b90d,data/datasets/RRDataset/selection_1500/sara/ai/War_&_Conflict_Scenes_000392.png,high,1,0.9832711815834045
1791df1df480fc3a6f30681c165bad3597ba27ec7aaac2356f2bc409e9ad472c,data/datasets/RRDataset/selection_1500/lorenzo/real/real_000448.jpg,high,0,0.44385725259780884
185cfdabf02f426c7dba49ed11c5f5dc8d39e7653336223f05418a0c7826589e,data/datasets/RRDataset/selection_1500/lorenzo/ai/Medical_&_Public_Health_000462.png,high,1,0.9465010762214661
1b9848f4050f057ec149a26537531451100dbc5cc9a7a55367da05ec4c5bde26,data/datasets/openfake/additional-900/images/fake/1b9848f4050f057ec149a26537531451100dbc5cc9a7a55367da05ec4c5bde26.jpg,high,1,0.7607312798500061
1dd3fc6d04b62244e91fc03733f773190a43094dd7a27448003dcb1e02715592,data/datasets/RRDataset/selection_1500/giovanni/ai/Political_&_Social_Events_000261.png,high,1,0.9828821420669556
1de8ff484628a27bb205d608025a78770d840783b71745eeb0625b98d4640521,data/datasets/RRDataset/selection_1500/lorenzo/ai/War_&_Conflict_Scenes_000833.png,high,1,0.6455519199371338
1e9abc5be8602f3c103acf6047dbc17528e682fd001edcf6da09613d1c6e4bc4,data/datasets/RRDataset/selection_1500/giovanni/real/real_000337.jpg,high,0,0.6704844832420349
1f63843ff6f2f8dbe07fbf2d65fed8c884e1bdab06904ce31b33132ac47b3275,data/datasets/openfake/pilot-600/images/real/1f63843ff6f2f8dbe07fbf2d65fed8c884e1bdab06904ce31b33132ac47b3275.jpg,high,0,0.14390642940998077
21cd061cb0650a4449a8f73ddf335f17e924e52beab9784846cd124801c9a99b,data/datasets/RRDataset/selection_1500/lorenzo/ai/War_&_Conflict_Scenes_000316.png,high,1,0.7042414546012878
220b3bb0c02c94f87ea3ca68c216caf799e0d0561c132bd494678b1f634eb633,data/datasets/RRDataset/selection_1500/lorenzo/ai/Political_&_Social_Events_000072.png,high,1,0.987078070640564
22dff736e50cc3296bac82444053f2e6357402ec5f47cc55828e2f95734a7709,data/datasets/RRDataset/selection_1500/giovanni/ai/Culture_&_Religion_000237.png,high,1,0.7880609631538391
236b80771a781ba9f0489b5be2993bafd0ac9d785140c14629b48db21fa8dbe9,data/datasets/RRDataset/selection_1500/giovanni/ai/Natural_Disasters_&_Accidents_000575.png,high,1,0.9695813059806824
2616ae726257175cbc4aee0907a4a767fe09f6d053a48083a30d22315b722736,data/datasets/sid-set/candidate-1500/images/real/2616ae726257175cbc4aee0907a4a767fe09f6d053a48083a30d22315b722736.jpg,high,0,0.9444893598556519
28bf8d1c263f3e03ab9bd6f04909e4f18626d546b9380196e3fec945db71a959,data/datasets/openfake/additional-900/images/real/28bf8d1c263f3e03ab9bd6f04909e4f18626d546b9380196e3fec945db71a959.jpg,high,0,0.31760838627815247
2930055d08fb8850cf48359d18c1120bba66466447d88478c734ce2084502544,data/datasets/RRDataset/selection_1500/lorenzo/ai/War_&_Conflict_Scenes_000807.png,high,1,0.708833634853363
2a452213aae98a21e7bf6abce3035c5d3c7c57db33eaeb20614eadc27c7b84b5,data/datasets/RRDataset/selection_1500/giovanni/ai/War_&_Conflict_Scenes_000492.png,high,1,0.9757272005081177
2bad6545769eb0eda280565963ae92cd261388a316f91ddbbb208cf68a82d598,data/datasets/RRDataset/selection_1500/giovanni/real/real_002417.jpg,high,0,0.8981052041053772
2bb6546d37b4ec790a3c073d43ae9235f46893ade6816bd9519baaa1385a305d,data/datasets/openfake/pilot-600/images/fake/2bb6546d37b4ec790a3c073d43ae9235f46893ade6816bd9519baaa1385a305d.png,high,1,0.9961519837379456
2d04048fda81ba7530e3dad24b4121242123bc5409faff6fef289290aaae9d08,data/datasets/openfake/pilot-600/images/real/2d04048fda81ba7530e3dad24b4121242123bc5409faff6fef289290aaae9d08.jpg,high,0,0.0029769467655569315
2de9dcb0fe618e0fe267e257bc944ec2e58fbed405feef3ffbb59b0045196ce0,data/datasets/RRDataset/selection_1500/lorenzo/ai/production_000295.png,high,1,0.992652416229248
306d8832218b1cdb8be8dc8976ad5f04ab10be030468034c078c3300ee791e5b,data/datasets/RRDataset/selection_1500/lorenzo/ai/War_&_Conflict_Scenes_000755.png,high,1,0.9964300990104675
34a5359b509d9e1d80698e25688af0ba376489aae7488426fb89eef2e311fab8,data/datasets/sid-set/candidate-1500/images/fake/34a5359b509d9e1d80698e25688af0ba376489aae7488426fb89eef2e311fab8.png,high,1,0.9173614382743835
35e47f8ca87424ebba5b2eb391a9ba902f2f10d8db10b7b0f7fff6f763cf7a36,data/datasets/openfake/pilot-600/images/real/35e47f8ca87424ebba5b2eb391a9ba902f2f10d8db10b7b0f7fff6f763cf7a36.jpg,high,0,0.7127197980880737
3628d787935f375938ac6a70317aef92ebcbf6c49e43e5d089ef6b7139499444,data/datasets/openfake/pilot-600/images/real/3628d787935f375938ac6a70317aef92ebcbf6c49e43e5d089ef6b7139499444.jpg,high,0,0.1581319272518158
3661bb186f215ff505cda7b90ba04bc4fbeed90c45d8b57f344a244c0ed182fe,data/datasets/openfake/additional-900/images/real/3661bb186f215ff505cda7b90ba04bc4fbeed90c45d8b57f344a244c0ed182fe.jpg,high,0,0.0003219889185857028
367d52ae5fd6bf69503dc142703028fd54f72e7d2851e825dfab65288cb945a8,data/datasets/RRDataset/selection_1500/lorenzo/ai/Medical_&_Public_Health_000963.png,high,1,0.9833406805992126
369ab2bab4336bb12f4250fda9b4eeb44a7f05d437eedc253e8f0d14a6537b90,data/datasets/RRDataset/selection_1500/sara/real/real_000093.jpg,high,0,0.7689103484153748
372703ea61dd0d50ec23a493bc53dedb970309486c807d5a5750aa86ebb8130d,data/datasets/RRDataset/selection_1500/lorenzo/ai/Political_&_Social_Events_000767.png,high,1,0.9829309582710266
37de2ea4edc4b86bced9d43b6f1883478a38df7fb5845f5f81d972295a7be129,data/datasets/RRDataset/selection_1500/sara/ai/Culture_&_Religion_000188.png,high,1,0.877096951007843
3869871b4f3e9300f0de426692053d6190c0c8a5df269cc149b2a6e05bdb0b87,data/datasets/RRDataset/selection_1500/giovanni/ai/War_&_Conflict_Scenes_000620.png,high,1,0.6170551180839539
38e3e55b7c4258fa7f1709e4fbb7cbb1aa1ab30f61d4d722d0d0f4eaa7edf0bc,data/datasets/RRDataset/selection_1500/sara/ai/War_&_Conflict_Scenes_000127.png,high,1,0.8425977230072021
3a5fcda1f3a71105e640911ebda63673fbdf393b45ed99b2572e0b22474cf7c0,data/datasets/RRDataset/selection_1500/sara/ai/Political_&_Social_Events_000960.png,high,1,0.9964802861213684
3b482396c4b186ecd715d5b4e4611ea08e550e402f8b6293f4097f9e36e1fe06,data/datasets/RRDataset/selection_1500/sara/ai/Political_&_Social_Events_000857.png,high,1,0.9676792025566101
3b543cae8c95409432f44117c1dcc43eecb36f63bcf0330b84b76682264f1def,data/datasets/sid-set/candidate-1500/images/real/3b543cae8c95409432f44117c1dcc43eecb36f63bcf0330b84b76682264f1def.jpg,high,0,0.726072371006012
3c51f29adfe015506084f22633ef5f4c4a09b98d92a621f8da171ddd25a5cf36,data/datasets/openfake/pilot-600/images/real/3c51f29adfe015506084f22633ef5f4c4a09b98d92a621f8da171ddd25a5cf36.jpg,high,0,0.0014791960129514337
3c5f6623db091f3e28649f439541931b4c5be9c844e90af4c682f9c2e1eb6303,data/datasets/RRDataset/selection_1500/giovanni/ai/War_&_Conflict_Scenes_000388.png,high,1,0.8465639352798462
3cb3229bb57dbb977069fd11116d86ba77df4808bd669afca0ce8855b35bfcc9,data/datasets/RRDataset/selection_1500/sara/ai/War_&_Conflict_Scenes_000213.png,high,1,0.9858956933021545
3d5fb0459f6bb6fc3d149b07ea1edc602a7fd9aa74ab0000cf0e828f3bff7997,data/datasets/sid-set/candidate-1500/images/real/3d5fb0459f6bb6fc3d149b07ea1edc602a7fd9aa74ab0000cf0e828f3bff7997.jpg,high,0,0.02628495544195175
4063afc36c23d938021610b1aa5f1f4edd2843498bd3a484448c5859f525c747,data/datasets/RRDataset/selection_1500/lorenzo/ai/Culture_&_Religion_000149.png,high,1,0.8884558081626892
41ab96294f8deaad18c7754c46c366dd8646e9435dd4d0f0cb3252bee9c95ab8,data/datasets/RRDataset/selection_1500/lorenzo/ai/production_000275.png,high,1,0.9984641075134277
41bd3a3819bed2c50e810ad9df6a92d2ef9f64a685198349601ed457ac2b22d6,data/datasets/RRDataset/selection_1500/lorenzo/ai/Political_&_Social_Events_000376.png,high,1,0.7919997572898865
42e94a5523885583256316c9ab6fdaef36c161d0cc666ead6d35099879487579,data/datasets/RRDataset/selection_1500/giovanni/ai/Medical_&_Public_Health_000158.png,high,1,0.8897051215171814
44d1ae471bb988815ada651cb4766e11ee2ee298ae2ee1c89f94bda6a847fa00,data/datasets/openfake/additional-900/images/real/44d1ae471bb988815ada651cb4766e11ee2ee298ae2ee1c89f94bda6a847fa00.jpg,high,0,0.04392405226826668
44e9c9246c2682caee60c2de2186d9ab444a4bbe50956523120635bc1b3aeb34,data/datasets/openfake/additional-900/images/fake/44e9c9246c2682caee60c2de2186d9ab444a4bbe50956523120635bc1b3aeb34.png,high,1,0.9784917831420898
4576e9b245a9ce36026d1faaf0a0217385f40f4236b8687b7cec0fee13422823,data/datasets/RRDataset/selection_1500/sara/ai/Medical_&_Public_Health_000999.png,high,1,0.9616180658340454
4b99e36987a89fa071a9f8ba3aa950b24c5c3caf8f38f45e418353e72b34aed3,data/datasets/RRDataset/selection_1500/lorenzo/ai/Culture_&_Religion_000181.png,high,1,0.7307384610176086
4bb9dda873026626ee413c4c795f9424fcd56025bbcd61eb6771a6b0a9878156,data/datasets/openfake/additional-900/images/fake/4bb9dda873026626ee413c4c795f9424fcd56025bbcd61eb6771a6b0a9878156.jpg,high,1,0.9379163980484009
4bd7517bbd0a3d2a71a3cf8b8c85f5c9f9e64b9d2f268f59082bb8e80d653121,data/datasets/openfake/pilot-600/images/real/4bd7517bbd0a3d2a71a3cf8b8c85f5c9f9e64b9d2f268f59082bb8e80d653121.jpg,high,0,0.0011988761834800243
4cc965a92715ed189ce100929122084ccc7e0feb346c735da10f08dbef4a7899,data/datasets/RRDataset/selection_1500/giovanni/ai/Political_&_Social_Events_000479.png,high,1,0.9641775488853455
4e325ee609e319dbbccf2b04ee8610d2c502122c3be1d1306e53a240b0d93e9e,data/datasets/RRDataset/selection_1500/lorenzo/ai/War_&_Conflict_Scenes_000570.png,high,1,0.942744255065918
500669c41768718f99142d1666fb753e99b5e0c622a8b345eba63b7e8028ea7a,data/datasets/RRDataset/selection_1500/sara/real/real_008560.jpg,high,0,0.0031580193899571896
5129dec49c0b4e72663b97ee264e702ccaee9660f16b04fa460d01e81fc1240e,data/datasets/RRDataset/selection_1500/lorenzo/ai/War_&_Conflict_Scenes_000328.png,high,1,0.25820326805114746
5243921af7a23309ed6755a7a6ee896f7a01659292b3828c40e804dd46d04bd9,data/datasets/RRDataset/selection_1500/lorenzo/ai/War_&_Conflict_Scenes_000938.png,high,1,0.9783105850219727
52795be0b32de643a566d426c7857bae6a5be58f88cd9f30c4a05b4a6808fc9c,data/datasets/sid-set/candidate-1500/images/real/52795be0b32de643a566d426c7857bae6a5be58f88cd9f30c4a05b4a6808fc9c.jpg,high,0,0.5894739031791687
530e153040b2316ddbf2da674c97217a690ac56d551de6be3946adc9fc80d6c1,data/datasets/RRDataset/selection_1500/sara/ai/Medical_&_Public_Health_000997.png,high,1,0.9107375741004944
5323ebaf35009df88d9e7fd792d677dbc26668e5695c3e9790cd461a8d572662,data/datasets/RRDataset/selection_1500/sara/ai/production_000368.png,high,1,0.9933391213417053
53aa723769acd47abdedfaab2d366f3620df3acf04f45eee7bb0dbef20e6908f,data/datasets/RRDataset/selection_1500/lorenzo/ai/War_&_Conflict_Scenes_000895.png,high,1,0.9766277074813843
549a6d5b71420fd0adce8c7a7df4adc619f28dabbb4599c18c31c8c9adfef1b1,data/datasets/sid-set/candidate-1500/images/real/549a6d5b71420fd0adce8c7a7df4adc619f28dabbb4599c18c31c8c9adfef1b1.jpg,high,0,0.4134499728679657
55b089b9040dd334b9d4cae37bd1cbd51322e75c69a04c071f3d18d4da66abc9,data/datasets/RRDataset/selection_1500/lorenzo/ai/Medical_&_Public_Health_000003.png,high,1,0.9246107935905457
560b112829fa68e9dc1aa1ea8df7792497b8d75da9a6d2fed6665c70c6180d49,data/datasets/openfake/additional-900/images/fake/560b112829fa68e9dc1aa1ea8df7792497b8d75da9a6d2fed6665c70c6180d49.png,high,1,0.7313525676727295
5841c2218d94bc88674c21bad6a4d71d48bee771ec32a2f3cb04022a9ba3ed90,data/datasets/RRDataset/selection_1500/lorenzo/ai/Medical_&_Public_Health_000413.png,high,1,0.9720163345336914
584d821442850c5df3d5e82804e809f57f2e615d817ebaef2e55f4dd9707e5c9,data/datasets/RRDataset/selection_1500/sara/ai/production_000522.png,high,1,0.9990227222442627
58ab4d486bd89081482e90d2066096316cfb9e9de5f5f80ab50662d972bb077f,data/datasets/RRDataset/selection_1500/lorenzo/ai/Medical_&_Public_Health_000955.png,high,1,0.9554826021194458
58ba64f67ca3fd5115e126fb8ccbbd9753f11023e676d967fed325293b91e569,data/datasets/openfake/additional-900/images/fake/58ba64f67ca3fd5115e126fb8ccbbd9753f11023e676d967fed325293b91e569.png,high,1,0.9639034867286682
595f5ed23193939926fb01597c757f3f325fe38b3885444a2ca9fd89ced79fa8,data/datasets/RRDataset/selection_1500/sara/ai/War_&_Conflict_Scenes_000452.png,high,1,0.9522031545639038
59ba9a5bf0e39081402aab13866822ba506f27810ee081f54df7bdd5b65bf6cc,data/datasets/RRDataset/selection_1500/giovanni/ai/Political_&_Social_Events_000303.png,high,1,0.9856469035148621
5a5c27a6615916e32fcc6a465eef05d00b8dad4e611224e40bfbe43e0fb50b59,data/datasets/RRDataset/selection_1500/giovanni/ai/War_&_Conflict_Scenes_000629.png,high,1,0.963478147983551
5bb40db9aaf8825f9f45a580b866934c5104e9807221a65f6f288aadd02774d2,data/datasets/RRDataset/selection_1500/giovanni/ai/Medical_&_Public_Health_000478.png,high,1,0.8828843235969543
5c140c356233ec5efeb77c9de5a86bad8ee27537f133b6c88456b26470ffc88d,data/datasets/RRDataset/selection_1500/giovanni/ai/Medical_&_Public_Health_000958.png,high,1,0.9119545817375183
5c1f96ecd51af7cf2722b920aa38cfa569ef6ba95ad393dc13df2ad6dd48b79b,data/datasets/sid-set/candidate-1500/images/real/5c1f96ecd51af7cf2722b920aa38cfa569ef6ba95ad393dc13df2ad6dd48b79b.jpg,high,0,0.3070438504219055
5c4a0e356d98d03271a23c8e0e151d04296297b3c37decc258f2dc75b153e50e,data/datasets/RRDataset/selection_1500/sara/ai/Culture_&_Religion_000701.png,high,1,0.9572407603263855
5e21147d8937ea41a69d815511a65e24ea75e727cf6108856e4437734e33855b,data/datasets/sid-set/candidate-1500/images/real/5e21147d8937ea41a69d815511a65e24ea75e727cf6108856e4437734e33855b.jpg,high,0,0.21118766069412231
5e3291047201d2b36c9e330a0ca17eb3e36944520045620aac562fae27cba36a,data/datasets/RRDataset/selection_1500/lorenzo/ai/War_&_Conflict_Scenes_000988.png,high,1,0.987036943435669
5e4b05dadd92d70fa86753ba0a8bebbdba645b003cb2fc9f7c122a0edd77f13c,data/datasets/RRDataset/selection_1500/lorenzo/ai/Political_&_Social_Events_000323.png,high,1,0.9452089071273804
5f12ab5667503acd5c6574b29b840dff45e2139d867b7431f0bd8a0e10dbd853,data/datasets/sid-set/candidate-1500/images/fake/5f12ab5667503acd5c6574b29b840dff45e2139d867b7431f0bd8a0e10dbd853.png,high,1,0.9955464601516724
5fb9cfb7d232a25cf83b54f01776597b1716c9b11785fac80f169ff24b582535,data/datasets/RRDataset/selection_1500/giovanni/ai/Political_&_Social_Events_000952.png,high,1,0.9895269870758057
60dcc7088f535f4f0a79a9a9d58889ddd6a92bc1f300d01a4489688d7c1b34db,data/datasets/RRDataset/selection_1500/sara/ai/Medical_&_Public_Health_000953.png,high,1,0.8769112825393677
61089498fa6e67451c15424db649e69423e797c675e6df2832c8f2ae9c1c7611,data/datasets/RRDataset/selection_1500/lorenzo/ai/War_&_Conflict_Scenes_000578.png,high,1,0.8794629573822021
6110517bdff70a5bb1bcf0b679c93c4e89890a78e7d1210b8720263896616d30,data/datasets/RRDataset/selection_1500/giovanni/ai/Political_&_Social_Events_000927.png,high,1,0.9704415202140808
620807e87e4f47b68eac67708d228ce5302b65ed5947d269a36e213af1161ddb,data/datasets/RRDataset/selection_1500/sara/ai/Medical_&_Public_Health_000002.png,high,1,0.7809945940971375
62e3c8bf91b6801c660dbee1ffaaf7189f3820822c38bf9d8b2e427180ab69d9,data/datasets/RRDataset/selection_1500/giovanni/ai/War_&_Conflict_Scenes_000155.png,high,1,0.8027064204216003
643dde2fdf01a33db8803fc887059cd4e667578d001218a2805a52b6d40bc46c,data/datasets/RRDataset/selection_1500/sara/ai/War_&_Conflict_Scenes_000303.png,high,1,0.7755199074745178
652f4873689a83ee01585c4938c72d4a193e6e67f382c1b5d8125a8f03de2482,data/datasets/sid-set/candidate-1500/images/real/652f4873689a83ee01585c4938c72d4a193e6e67f382c1b5d8125a8f03de2482.jpg,high,0,0.0037324861623346806
66cdce476b5de3679465c6e8b9f6435f41e9cbc5a01d6ea5fb0e034d3eb4776b,data/datasets/openfake/additional-900/images/real/66cdce476b5de3679465c6e8b9f6435f41e9cbc5a01d6ea5fb0e034d3eb4776b.jpg,high,0,0.2984626591205597
67bcae7cb7b01d98d49c5163eab96fa873c8ef30e7c0b3e509a0fb6f8c39dd90,data/datasets/openfake/pilot-600/images/fake/67bcae7cb7b01d98d49c5163eab96fa873c8ef30e7c0b3e509a0fb6f8c39dd90.png,high,1,0.9969586133956909
682718cebfe6e5533c3c32edda72d32bd2714930b5cf38c05fa5477592b833d7,data/datasets/openfake/additional-900/images/fake/682718cebfe6e5533c3c32edda72d32bd2714930b5cf38c05fa5477592b833d7.png,high,1,0.9710564613342285
6db972a4b41af08c5c504682cb0bbc9b616756392441f6c68f5e0bc41a33bddb,data/datasets/RRDataset/selection_1500/giovanni/real/real_001768.jpg,high,0,0.5459771752357483
6dd62d94597404c86d0e70a822526bbd6da2d24a791f63ef92f0bb8bab330ef3,data/datasets/RRDataset/selection_1500/lorenzo/ai/Political_&_Social_Events_000225.png,high,1,0.9201425909996033
6e2f3eed879f77b08b4e40d5e62ff0d2f1f06aa7c153bfd38af03943b6bd7121,data/datasets/RRDataset/selection_1500/giovanni/real/real_003031.jpg,high,0,0.5559304356575012
6e329c7f99c629d0b4d86effd47782aa9f1f2d9a554650050f4f8c968a4217e6,data/datasets/openfake/pilot-600/images/real/6e329c7f99c629d0b4d86effd47782aa9f1f2d9a554650050f4f8c968a4217e6.jpg,high,0,0.0653805136680603
70dca709174c90654c4ce6d832a0a7e5cdd4b98231a37b53614cf9b585102861,data/datasets/sid-set/candidate-1500/images/real/70dca709174c90654c4ce6d832a0a7e5cdd4b98231a37b53614cf9b585102861.jpg,high,0,0.9243241548538208
715d25d6bd8e98447fb6e93d579ba673ffee537e860084d34b4dfdd2f8ddbded,data/datasets/sid-set/candidate-1500/images/fake/715d25d6bd8e98447fb6e93d579ba673ffee537e860084d34b4dfdd2f8ddbded.png,high,1,0.9263469576835632
718425999d0d9a1a5e6fd574d86d604b9241143c81303c4d5efd3966e50f8833,data/datasets/sid-set/candidate-1500/images/real/718425999d0d9a1a5e6fd574d86d604b9241143c81303c4d5efd3966e50f8833.jpg,high,0,0.1544186919927597
71a413aa7a68d61919180d9eb48cc45565ff2e5eda39f9d0b286fdc48e37dd3f,data/datasets/openfake/additional-900/images/real/71a413aa7a68d61919180d9eb48cc45565ff2e5eda39f9d0b286fdc48e37dd3f.jpg,high,0,0.001754955155774951
7362e9f1dec9ae41539098fea1de699640c43b6c212af62bafc1a9082cf13fed,data/datasets/RRDataset/selection_1500/sara/ai/Culture_&_Religion_000728.png,high,1,0.9468950033187866
736f9d880dbb9751c7d016ab8450630e589a7dd5a03caaf5bc4ffe44a600f2ab,data/datasets/RRDataset/selection_1500/lorenzo/ai/Political_&_Social_Events_000421.png,high,1,0.9314270615577698
73f89f32a2c0c165654f142af51276e11e4d36e0743fdeca47ae33ab6bfd6c76,data/datasets/RRDataset/selection_1500/lorenzo/ai/War_&_Conflict_Scenes_000927.png,high,1,0.798944890499115
775391a468799350ecdeb4a0e60af47ec93609b2f3bd12e8081249e4e23cce15,data/datasets/openfake/additional-900/images/fake/775391a468799350ecdeb4a0e60af47ec93609b2f3bd12e8081249e4e23cce15.png,high,1,0.8055062294006348
77744259595a40262969a7975c0adb33fa122befbe9b8c9dd5a38ec2a8502ce2,data/datasets/RRDataset/selection_1500/giovanni/ai/Natural_Disasters_&_Accidents_000639.png,high,1,0.9885779619216919
7784427b3949bf3ba8d085ca625db76664282b3090ec13f1e0c7cb7030283bc6,data/datasets/RRDataset/selection_1500/giovanni/ai/War_&_Conflict_Scenes_000216.png,high,1,0.8840671181678772
78f0a48098b58addf6e0c24181856e2f2ce3fe688ae5d2d3d7c38c47b415d2a6,data/datasets/RRDataset/selection_1500/lorenzo/ai/War_&_Conflict_Scenes_000857.png,high,1,0.9861698150634766
794f1e3f058d6dc9f0e60494000b98b10a4eb9838715a63323fd8581874c80cd,data/datasets/RRDataset/selection_1500/lorenzo/ai/Medical_&_Public_Health_000453.png,high,1,0.8876548409461975
797678d7c07f0273c7528ca87d495e79dcf9715b79e7c91176407a2149875fd3,data/datasets/RRDataset/selection_1500/lorenzo/ai/Culture_&_Religion_000735.png,high,1,0.865805447101593
7a507b97c1247b2f7c0fa25ce85a611d58526c8fbd1b65c91183f231e3578b96,data/datasets/sid-set/candidate-1500/images/real/7a507b97c1247b2f7c0fa25ce85a611d58526c8fbd1b65c91183f231e3578b96.jpg,high,0,0.09327913820743561
7d24a4642f42ff50ae0698ec540abaefe60349cac94851ce9362d860da8d6247,data/datasets/RRDataset/selection_1500/giovanni/ai/Political_&_Social_Events_000881.png,high,1,0.9977826476097107
7db834b7759e20c8c6129afd0b3e07aa7cbd63a46f5e4fbf95e076dfbc836fc5,data/datasets/RRDataset/selection_1500/sara/ai/Political_&_Social_Events_000832.png,high,1,0.9987693428993225
811ed4c00e228d89dfc81787aeef2f6f565d9b98262daf4034f837a4dbca4eb7,data/datasets/sid-set/candidate-1500/images/fake/811ed4c00e228d89dfc81787aeef2f6f565d9b98262daf4034f837a4dbca4eb7.png,high,1,0.9980376362800598
81f791f1559cd1c94d123e609a9af32afef47bab3199681d816e0fa8d295604a,data/datasets/RRDataset/selection_1500/giovanni/ai/Political_&_Social_Events_000496.png,high,1,0.9647542834281921
845f7ad9bd937ad6ca0d5973edd10fb05cb1d320a3e2f960d2d3f15c15df3ca9,data/datasets/RRDataset/selection_1500/sara/ai/War_&_Conflict_Scenes_000390.png,high,1,0.9893491268157959
846bfd89713e303a1e3d7f0692079a971443733afb7c0ff3ba950ff91c90bfd5,data/datasets/RRDataset/selection_1500/sara/ai/War_&_Conflict_Scenes_000900.png,high,1,0.7584842443466187
8479a0a2888c8e28382340d0be2111e6ca93f7835343b4aef2256f42cc37dffa,data/datasets/RRDataset/selection_1500/lorenzo/ai/Natural_Disasters_&_Accidents_000130.png,high,1,0.9787390828132629
84811dced43edefaa56e7f98db9fe6ab7a3799a52afceec264f4e03b2a698b08,data/datasets/openfake/additional-900/images/fake/84811dced43edefaa56e7f98db9fe6ab7a3799a52afceec264f4e03b2a698b08.jpg,high,1,0.7669275403022766
85a451298d359a306d06e3a05ec404731072fcbb7dfe8ea6532e5c00b011929d,data/datasets/sid-set/candidate-1500/images/real/85a451298d359a306d06e3a05ec404731072fcbb7dfe8ea6532e5c00b011929d.jpg,high,0,0.42621317505836487
8acdb6d094b5c1ec8c201f121d6cfa3afb865cf8824455e192823218c27a569b,data/datasets/RRDataset/selection_1500/sara/ai/Political_&_Social_Events_000363.png,high,1,0.9430860280990601
8d51860c6e18e12fd9777a473c865bb4d31e28ab71c2bc386b468fa6f05a5d52,data/datasets/RRDataset/selection_1500/lorenzo/ai/Medical_&_Public_Health_000258.png,high,1,0.7575489282608032
8fe1ba1797a4b823bff2285be87c0da98dced31b873e7719399ab5e28252170e,data/datasets/RRDataset/selection_1500/lorenzo/ai/War_&_Conflict_Scenes_000193.png,high,1,0.7361173629760742
91f2324668f09f67d4a497f47d42a410e1f2dbc7e87154001423a4d37837e1e6,data/datasets/RRDataset/selection_1500/giovanni/ai/War_&_Conflict_Scenes_000706.png,high,1,0.9102964997291565
94aa6a19fd3bc77a71f3e7116224a4dda23c71ea169578c30b05f7f05579765d,data/datasets/RRDataset/selection_1500/lorenzo/ai/Political_&_Social_Events_000914.png,high,1,0.9967101812362671
958669004ea4ede7a824c1aa5036332f4850b9179e68254917cf9efc1612dfe4,data/datasets/RRDataset/selection_1500/giovanni/ai/Medical_&_Public_Health_000047.png,high,1,0.9562106132507324
9839d99fec2f61fba9f6a722bfcb8d86f58ee33d880695545fbf8830b245a8f0,data/datasets/openfake/pilot-600/images/real/9839d99fec2f61fba9f6a722bfcb8d86f58ee33d880695545fbf8830b245a8f0.jpg,high,0,0.5159173011779785
9a32e7a75568d5996555f668087e061713d1fa5e92113e450c8ec48c1d4f6e38,data/datasets/sid-set/candidate-1500/images/real/9a32e7a75568d5996555f668087e061713d1fa5e92113e450c8ec48c1d4f6e38.jpg,high,0,0.04120125621557236
9b3b8a017ba693d825922667dc0e5d5986182d295ab43578af13b1e082270976,data/datasets/RRDataset/selection_1500/lorenzo/real/real_000437.jpg,high,0,0.2665034234523773
9eab8965aa4d807f2e492b9d862c964a4defd29b1f064c4e078b5a46d37d58c7,data/datasets/RRDataset/selection_1500/giovanni/ai/Political_&_Social_Events_000018.png,high,1,0.9909090399742126
a070f352e00fbbdb8d3e0abe152c4af4972780aed9f6bd88df2a770cd76999b4,data/datasets/RRDataset/selection_1500/giovanni/ai/War_&_Conflict_Scenes_000873.png,high,1,0.9459574818611145
a0bc0606caa4dfaddc7e9f431636ffc9dd3525e7d9e6193f9f2663df8e5b0f9a,data/datasets/RRDataset/selection_1500/sara/ai/Medical_&_Public_Health_000970.png,high,1,0.9410647749900818
a4fa55a28df775acece4ab89fb7ee9460bc6b90cfa6d0d16117bc9784ec3cd32,data/datasets/RRDataset/selection_1500/giovanni/ai/War_&_Conflict_Scenes_000860.png,high,1,0.995434582233429
a5b6c8bd13d00c43a992c0ae0b711b77baedbac11ffcf3f336e1e4cd83bf4c35,data/datasets/RRDataset/selection_1500/giovanni/real/real_001782.jpg,high,0,0.2583028972148895
a60d017e6169458385913f57a608377390b3f145f0ddc953a92aa77bb8b74def,data/datasets/RRDataset/selection_1500/lorenzo/ai/Medical_&_Public_Health_000458.png,high,1,0.8382502794265747
a60e3e9ec3ffa6f14a6a0214726559cf45c87cdf9ad143c1eb0a85ebd623542e,data/datasets/RRDataset/selection_1500/sara/ai/Medical_&_Public_Health_000802.png,high,1,0.9691828489303589
a75b43c425c42f72f8417d7379655f7528816fd7afa05c5187947844530cd929,data/datasets/sid-set/candidate-1500/images/real/a75b43c425c42f72f8417d7379655f7528816fd7afa05c5187947844530cd929.jpg,high,0,0.6386088132858276
a91df7934dd4adf3e40d9e9fe7942318121390a46ee5beb726ee2341a9c8604b,data/datasets/RRDataset/selection_1500/sara/ai/War_&_Conflict_Scenes_000129.png,high,1,0.8304929137229919
a9d6bbd62845960ae41c0b88f427d403b42859bcf46b04ac83069ee74b3aff70,data/datasets/RRDataset/selection_1500/lorenzo/real/real_008308.jpg,high,0,0.9975758194923401
ac27b5b1b6093fb6071de03ee0b2387c93478ebee03726373c9ecd668c30a9be,data/datasets/RRDataset/selection_1500/lorenzo/ai/War_&_Conflict_Scenes_000484.png,high,1,0.9774079918861389
ad16d1aceb56b59eb531fde31690cb96925d93ef91243cc019230ef1b4d69d67,data/datasets/RRDataset/selection_1500/giovanni/ai/War_&_Conflict_Scenes_000832.png,high,1,0.9676218628883362
afb2c113fd9c7872d582a97ead1b65be98858fdf44daaccd063bf8e6a9637958,data/datasets/RRDataset/selection_1500/giovanni/ai/War_&_Conflict_Scenes_000859.png,high,1,0.9864185452461243
b0272bf1d4b0e492f288f0fa065d01ec249670a1b2ff87d7c9859c84d8751e4a,data/datasets/RRDataset/selection_1500/sara/ai/Political_&_Social_Events_000485.png,high,1,0.9710757732391357
b3004b19f46d50349f3cf2426846b8f9d711de0296ecb759feccc79c93407175,data/datasets/RRDataset/selection_1500/lorenzo/ai/Medical_&_Public_Health_000467.png,high,1,0.8652830123901367
b43c0207ee78e0074472379305bfc7c35e5358c358b9c832f3949cf1c82b7012,data/datasets/RRDataset/selection_1500/lorenzo/real/real_008008.jpg,high,0,0.7113760709762573
b59dffcdb61633919a78d980b8f3e1da63dfa460177fc837f5b63df0e16fa4d5,data/datasets/RRDataset/selection_1500/giovanni/ai/Medical_&_Public_Health_000514.png,high,1,0.9741718173027039
b6a344c6fa89f6214cfd9f9dd42475f3e66eedab3e8f38449adee7c03dbb3f5b,data/datasets/RRDataset/selection_1500/lorenzo/ai/Medical_&_Public_Health_000496.png,high,1,0.9346911311149597
b75ca861d01fb62075507040abd1ba17b5a989d9b4ba55290d77b00a44fa9b80,data/datasets/sid-set/candidate-1500/images/fake/b75ca861d01fb62075507040abd1ba17b5a989d9b4ba55290d77b00a44fa9b80.png,high,1,0.990865170955658
b793ec7a676668c634b0acfd048019f3318102be5e37831bb1667e891276e495,data/datasets/openfake/pilot-600/images/real/b793ec7a676668c634b0acfd048019f3318102be5e37831bb1667e891276e495.jpg,high,0,0.5641915798187256
b86638534a7cc70f637f51c5440f87b718c86457a0a0c01c6507196f2b75c77e,data/datasets/openfake/pilot-600/images/fake/b86638534a7cc70f637f51c5440f87b718c86457a0a0c01c6507196f2b75c77e.png,high,1,0.7138388156890869
ba1928265f88311afa5184f12e8cfc47ac7b5eaf52bb2d63e0239a5e5f4330c6,data/datasets/RRDataset/selection_1500/giovanni/ai/Political_&_Social_Events_000347.png,high,1,0.9775450229644775
bbd0daa189a015e9d7c06ab85b4f313191447abeb9175c0d9e8a0f54c9563a45,data/datasets/RRDataset/selection_1500/lorenzo/ai/Medical_&_Public_Health_000913.png,high,1,0.9157698750495911
bbd2c225293f03ee1cafa4ff129564146db562efc0d162a3399e0b5768247022,data/datasets/RRDataset/selection_1500/sara/ai/production_000367.png,high,1,0.9918161034584045
bbe50a0de2043abbf2adcfd607f4fc6f455f2a009109210f55ddbbf52b8c5836,data/datasets/RRDataset/selection_1500/lorenzo/ai/War_&_Conflict_Scenes_000165.png,high,1,0.8025901317596436
bc2894416c267c34cad190fba2f1667894af6d6b2a09ab365fb8ab0b6434a4a2,data/datasets/openfake/pilot-600/images/real/bc2894416c267c34cad190fba2f1667894af6d6b2a09ab365fb8ab0b6434a4a2.jpg,high,0,0.011365100741386414
bc40b51fba3000368a7f8eb7702b9aa778eed4504b22b33ccbc88b24c6e57fa5,data/datasets/RRDataset/selection_1500/giovanni/ai/War_&_Conflict_Scenes_000929.png,high,1,0.9934004545211792
bdbd094814aee8248a08ac9c2dc86ed41a21a7dc8bf0dab20c1d3c8dfe8ab0ec,data/datasets/openfake/pilot-600/images/fake/bdbd094814aee8248a08ac9c2dc86ed41a21a7dc8bf0dab20c1d3c8dfe8ab0ec.png,high,1,0.9718682765960693
be02c164a4ef2fd57f0bc58c8029cf15c83407b90b54ce586e49a6b257489cc7,data/datasets/RRDataset/selection_1500/lorenzo/ai/Political_&_Social_Events_000446.png,high,1,0.9923702478408813
bf41dcc472b4f69f666fe4491d71469084f925479b9d3d304bd03a793b17e624,data/datasets/RRDataset/selection_1500/sara/ai/Culture_&_Religion_000450.png,high,1,0.9651245474815369
c0d31526e4490dbd76bee32053992abc5ae2c0017204ee96417c4e2af3a78234,data/datasets/RRDataset/selection_1500/giovanni/ai/Political_&_Social_Events_000964.png,high,1,0.9944185018539429
c17e55474a72dd86fe3d7426860f6280ae65c83c5d807b06798ba82ee5728a45,data/datasets/RRDataset/selection_1500/sara/ai/War_&_Conflict_Scenes_000472.png,high,1,0.9339805841445923
c1a41bf800af141a7fd44cec425018e8b2eba7c3518b8f0b1a0e524916747697,data/datasets/RRDataset/selection_1500/sara/ai/War_&_Conflict_Scenes_000836.png,high,1,0.8663515448570251
c621fa97e8fd92973e5b2ca7077a8ffe8a5fbf5f844c33a6cdf30c3bf1224b3e,data/datasets/RRDataset/selection_1500/giovanni/ai/War_&_Conflict_Scenes_000912.png,high,1,0.9879512190818787
c8fae1ed4dcd5e7a5dc3f320cf12591249279e2ff2be81a9939640499251944d,data/datasets/RRDataset/selection_1500/giovanni/ai/Medical_&_Public_Health_000724.png,high,1,0.9417998790740967
c970f2345461bbca047be3f8d7f6d67ce013b9707d91008bf6e50080a57f97eb,data/datasets/openfake/pilot-600/images/real/c970f2345461bbca047be3f8d7f6d67ce013b9707d91008bf6e50080a57f97eb.jpg,high,0,0.0014531188644468784
c9ac696b4b42d4006c18fdfd599f21b7e8ef847aa0f794964c7917c0ad22bb97,data/datasets/RRDataset/selection_1500/giovanni/real/real_001534.jpg,high,0,0.302647203207016
c9af3937b2a3e94204b0b363cab953ab7fb52d3658bbd0d6f2761e88e1afb270,data/datasets/RRDataset/selection_1500/lorenzo/ai/Culture_&_Religion_000152.png,high,1,0.9379745125770569
cc166fa01e3d9980098e56d745573893af8343d5e031df5e377e1bbe99201b8b,data/datasets/RRDataset/selection_1500/sara/ai/Medical_&_Public_Health_000473.png,high,1,0.9404599070549011
cf88ccaf4d8daa16f8e9a9a3e209a9594f322f325bb03475ccb7068b4407beac,data/datasets/RRDataset/selection_1500/sara/ai/Political_&_Social_Events_000012.png,high,1,0.9772018790245056
d14a6cc4f193256c0abe9f810116ba3300857b6ea536bef9d6fffa3b7132b1c6,data/datasets/RRDataset/selection_1500/giovanni/ai/Medical_&_Public_Health_000358.png,high,1,0.8947461247444153
d18ec6d35a3ca5e5e8c7842b7a175c80d480df8e7367c2b713191c06e90b8c5d,data/datasets/sid-set/candidate-1500/images/real/d18ec6d35a3ca5e5e8c7842b7a175c80d480df8e7367c2b713191c06e90b8c5d.jpg,high,0,0.3855629861354828
d19c7b07f6ac89e5cd186b50431d3be5cb4f92ceb31e5145f34262db6c05488b,data/datasets/RRDataset/selection_1500/giovanni/ai/War_&_Conflict_Scenes_000175.png,high,1,0.5903574228286743
d2f8824d919c1283b29a55c338333d47cd7dc61888e794f6ea3b63c7b792abff,data/datasets/RRDataset/selection_1500/lorenzo/real/real_001571.jpg,high,0,0.24793601036071777
d4a3105cf302ee3fbbc9aaf1cfda538de25a69d370c6caab0d7060d88a25353b,data/datasets/RRDataset/selection_1500/sara/ai/Medical_&_Public_Health_000466.png,high,1,0.9589675664901733
d6369deca538be1f43b01e0a7ca07a5b2054075d75854215cb9ce9e7cd1160f1,data/datasets/RRDataset/selection_1500/giovanni/ai/War_&_Conflict_Scenes_000838.png,high,1,0.9929195046424866
d9c528d0fc7d9fd45d679b255141e85814c1afb3fc5514e2c71117aba86acdff,data/datasets/RRDataset/selection_1500/sara/real/real_000229.jpg,high,0,0.26333925127983093
da8831ffc37c78b3115ebe1097314420b46815f932d32cf909fbc50de11d4926,data/datasets/RRDataset/selection_1500/giovanni/ai/War_&_Conflict_Scenes_000447.png,high,1,0.9776453971862793
dadef9aceefd232e46c0282f4e535f13dcf3880ecec87e1a67210d63a5ffaa0d,data/datasets/RRDataset/selection_1500/lorenzo/ai/Medical_&_Public_Health_000213.png,high,1,0.706908106803894
ddb040a68339753cd4e0e14f39cdac9b3f17cc689808de9cbd85f2899fe1a59e,data/datasets/RRDataset/selection_1500/giovanni/ai/Culture_&_Religion_000551.png,high,1,0.8050386905670166
de4d7fbaafaa47a8ac7134048787404d7b63e2d96140967c0754e97fc92eb6c6,data/datasets/RRDataset/selection_1500/giovanni/real/real_003059.jpg,high,0,0.1259918361902237
dea6c2efbae9192d3f7126c07a34f4b49bf20552a931a9aa7bf8a5826226f02e,data/datasets/openfake/additional-900/images/fake/dea6c2efbae9192d3f7126c07a34f4b49bf20552a931a9aa7bf8a5826226f02e.png,high,1,0.945823073387146
deb5c137a6cfb0f0651e6960166159761901873ec6764ce292d51b98ce1dd31e,data/datasets/sid-set/candidate-1500/images/fake/deb5c137a6cfb0f0651e6960166159761901873ec6764ce292d51b98ce1dd31e.png,high,1,0.8119674921035767
df6808b76272bc58b91db76b4f8852df72f41128b172bb9916129aabb8ea867c,data/datasets/openfake/pilot-600/images/fake/df6808b76272bc58b91db76b4f8852df72f41128b172bb9916129aabb8ea867c.png,high,1,0.9963485598564148
df83ef1f337d3609cb6b9f2de19be047ae7f3129cc41cd0eb89bda39588885df,data/datasets/RRDataset/selection_1500/giovanni/ai/Natural_Disasters_&_Accidents_000918.png,high,1,0.9032167792320251
e0a5381a5d132cec0cefadb6d712df425e12320dbbbce7c4dac762b0cc1ff38e,data/datasets/sid-set/candidate-1500/images/real/e0a5381a5d132cec0cefadb6d712df425e12320dbbbce7c4dac762b0cc1ff38e.jpg,high,0,0.08296289294958115
e23c5f97c3c0819f7d70bafa2a2535809ec47896f11c9f20561b1af807e8a9a5,data/datasets/sid-set/candidate-1500/images/fake/e23c5f97c3c0819f7d70bafa2a2535809ec47896f11c9f20561b1af807e8a9a5.png,high,1,0.9640693068504333
e314602590c3e81ebd45a1a693782bc64289028b7ed2e4a1ffb5421ea5587f58,data/datasets/RRDataset/selection_1500/sara/ai/Natural_Disasters_&_Accidents_000403.png,high,1,0.9370317459106445
e37b1117f955cadc49b70ce95e8d68c8709fa28577cd558c17642ce7acfb2732,data/datasets/sid-set/candidate-1500/images/real/e37b1117f955cadc49b70ce95e8d68c8709fa28577cd558c17642ce7acfb2732.jpg,high,0,0.34312647581100464
e4429b260df82514fd8a9d9a4fa787807e93f97e91c8fb287bdf09ee55ce7e6c,data/datasets/openfake/pilot-600/images/fake/e4429b260df82514fd8a9d9a4fa787807e93f97e91c8fb287bdf09ee55ce7e6c.png,high,1,0.9977370500564575
e56b3828903a53fa1edda000007e6a1b7a4c6e360c341a15e6d327dc2bcd086e,data/datasets/RRDataset/selection_1500/lorenzo/real/real_002400.jpg,high,0,0.8251225352287292
e5b1ffcc2ce581ccff59b48c1fc66debe301a4523a505e988ef9c5f0562dcb63,data/datasets/RRDataset/selection_1500/sara/ai/Natural_Disasters_&_Accidents_000567.png,high,1,0.995746910572052
e61ad10ca797b541696215d240a3481edb66fb09979d3f7264f8e0ebe5b39a7c,data/datasets/openfake/pilot-600/images/fake/e61ad10ca797b541696215d240a3481edb66fb09979d3f7264f8e0ebe5b39a7c.jpg,high,1,0.18303218483924866
e693e0de14c7bf14e43f1defe408ec51e6e5adbceeb3480b5dbf3836bcab763b,data/datasets/openfake/additional-900/images/fake/e693e0de14c7bf14e43f1defe408ec51e6e5adbceeb3480b5dbf3836bcab763b.png,high,1,0.9479996562004089
e7762899f7b8604378d9165052f7c4cc6069075bf35d1a19960ef2790bd0ea30,data/datasets/RRDataset/selection_1500/giovanni/ai/Medical_&_Public_Health_000613.png,high,1,0.9443002343177795
ea1d4e44487dd7b8e320f66d945e8444e0e58e68d066542327f373f1e874881f,data/datasets/RRDataset/selection_1500/giovanni/ai/Culture_&_Religion_000123.png,high,1,0.8536872863769531
ea5dac8c3452616b8c3172f7c4f5e1d56675c62259450f70af93e85c6e967983,data/datasets/RRDataset/selection_1500/giovanni/ai/Political_&_Social_Events_000034.png,high,1,0.9787953495979309
eacf05b6e480566f6e181e8d28b15b8cce0f6ce394740ab921bfa8ef75ad2697,data/datasets/RRDataset/selection_1500/lorenzo/ai/War_&_Conflict_Scenes_000177.png,high,1,0.5949001312255859
ec5e3b71a9e80c8f2927fce4bc481748fda0970ca968928a402e5d6f0195bc01,data/datasets/RRDataset/selection_1500/sara/ai/Political_&_Social_Events_000005.png,high,1,0.9061721563339233
ee67bd63bc93a14e48e92397bb8abf5f8409d60822e59935c2c134d22393a8f0,data/datasets/RRDataset/selection_1500/lorenzo/ai/Medical_&_Public_Health_000482.png,high,1,0.950347363948822
efb65a3947c4605db2f3705bbf13ddafd2fe3a3d6a59c57011521897c53edc10,data/datasets/RRDataset/selection_1500/lorenzo/ai/War_&_Conflict_Scenes_000306.png,high,1,0.9383111000061035
f2003a0f62d1dff3cf44e524556e31d000298d981db862078cab7fc3613a4a92,data/datasets/RRDataset/selection_1500/giovanni/ai/Political_&_Social_Events_000301.png,high,1,0.9461181163787842
f2ac198210301203cea5e801b77bf4f82ba4beafcc350244f536bd2f030397d8,data/datasets/RRDataset/selection_1500/sara/ai/Natural_Disasters_&_Accidents_000430.png,high,1,0.9935577511787415
f3a64c0c2315add4df76498b73a7baa811211e18adb61de2abf6ae07c404f22e,data/datasets/RRDataset/selection_1500/lorenzo/ai/War_&_Conflict_Scenes_000341.png,high,1,0.7545253038406372
f479516e7f1638748716ae8eeb4934dafeb4f012fba9b97823937f670179468f,data/datasets/RRDataset/selection_1500/sara/ai/War_&_Conflict_Scenes_000135.png,high,1,0.8809743523597717
f4925222fbe7bd5c718915ddd1cc0c682377da986580e5446b8418d6074d48bd,data/datasets/RRDataset/selection_1500/lorenzo/ai/Political_&_Social_Events_000262.png,high,1,0.9391480088233948
f5ef525db5eb7fdbe6fadd13b4292b573b1a27dabc92730cb8cb32c9d6d2111d,data/datasets/RRDataset/selection_1500/giovanni/ai/War_&_Conflict_Scenes_000941.png,high,1,0.9959636926651001
f62fd45d375e89d3747e4cd4419b2779f69093b997332d0973df98661b5df521,data/datasets/RRDataset/selection_1500/sara/ai/War_&_Conflict_Scenes_000759.png,high,1,0.9747925996780396
f6ceb1e38c8bb0fcdc424d00db65429ae8099aafc28c16d07b688bf7c8a561e1,data/datasets/RRDataset/selection_1500/giovanni/ai/Culture_&_Religion_000100.png,high,1,0.6593001484870911
f7c94ca070c5b725db3269e1960a6eae9b979fe7d05ec0176116ac0ee152a5d5,data/datasets/RRDataset/selection_1500/sara/ai/War_&_Conflict_Scenes_000440.png,high,1,0.9128705859184265
fac653ac9b9fc45620cca5b6565841acd7c2fea82c77f9053ae1b51708d5121a,data/datasets/RRDataset/selection_1500/sara/ai/Culture_&_Religion_000702.png,high,1,0.9613263607025146
fbf404aa98dcf57b5bdafeb40c953ed4c33690ef9e53bef54a7f36fda41e0034,data/datasets/RRDataset/selection_1500/lorenzo/ai/Political_&_Social_Events_000969.png,high,1,0.9832814335823059
fcd9e41711ed92555d1e7b264c5401d5647cc2a0082df3335625b79c0c41e5aa,data/datasets/RRDataset/selection_1500/giovanni/ai/Culture_&_Religion_000743.png,high,1,0.9277503490447998
fd232ae9bddbadb813fac597202ace2e189cbfffc1d82f07bbc3c11c3b8bf1f5,data/datasets/RRDataset/selection_1500/sara/ai/War_&_Conflict_Scenes_000122.png,high,1,0.8284476399421692
